subject_type,subject_id,source_archive_member,source_member_sha256,source_mime,source_width,source_height,export_relpath
game,fallout3,,12f51694c0dbda60b324974ad0f221461667fea5ac3f9d0eb14a87dca49f2e45,image/png,270,365,originals/game-fallout3.png
issue,CBS012001,img20220324_10581992.tif,aa5d5b3fcf937bf888d3b6b799c239c6757f0da7e9093fbbbdd93e90dbb4e7f9,image/tiff,2930,2955,originals/issue-cbs012001.tif
issue,CBS012002,img20220326_10045133.tif,2d45fb54176caa321540ea3b864c221af2cba3860fed5954a4d35c58edef262e,image/tiff,2906,2907,originals/issue-cbs012002.tif
issue,CBS012003,img20220327_17570216.tif,b53b330ebe36dd708bc2af8d24770abaf3a25907850b86f0c186168f58b04c00,image/tiff,2894,2907,originals/issue-cbs012003.tif
issue,CBS012004,img20220327_18562261.tif,7139eb4b0f6fb89ff9a59e4c02e0605383d7af21f6df3a378eb7dfc671547492,image/tiff,2894,2907,originals/issue-cbs012004.tif
issue,CBS012005DVD,img20220425_10281771.tif,8c7f5a409a21fac2d6f89db9bf501aa1863dae75e0e3c1c1beece087d2c2cff6,image/tiff,2882,2931,originals/issue-cbs012005dvd.tif
issue,CBS012006DVD,img20220501_18224207.tif,f3f7fcbbc8e73b1f1175c5335188f15a173ba5f7bf39cd416ef4057b79b0ac40,image/tiff,2893,2919,originals/issue-cbs012006dvd.tif
issue,CBS012007DVD,img20220501_20222881.tif,609a43f9c533864c5f4dde8d5984c087749fdd33f652c3e53401c7c4a796abed,image/tiff,2893,2931,originals/issue-cbs012007dvd.tif
issue,CBS012007DVDGOLD,img20220507_12325709.tif,df3cee5ee7041fd4c126bd32b50351c138b481471d60c842a57e106d2bda09e7,image/tiff,2846,2918,originals/issue-cbs012007dvdgold.tif
issue,CBS012008DVD,img20220508_20153308.tif,3ecdca0d52ef3678f68924e359713f1662906034acac406efba443083f2a0e96,image/tiff,2893,2943,originals/issue-cbs012008dvd.tif
issue,CBS012008DVDGold,img20220508_20115211.tif,6428b3b3dcb9f83069f614a0241de9f699bce5ff6911bc9176f63f9b1321b6e3,image/tiff,2905,2931,originals/issue-cbs012008dvdgold.tif
issue,CBS012009DVD,img20220522_14563766.tif,6313dccdc6aa985401aa1bff7fbda93bb0b6bcd81b3bac4a30bbe42d49c27746,image/tiff,2893,2918,originals/issue-cbs012009dvd.tif
issue,CBS012009DVDGold,img20220522_15132022.tif,e103ceb0660aa10033ecf2ae8e61d6093c2ab68546d36890a1d68a4c4b2fe919,image/tiff,2893,2931,originals/issue-cbs012009dvdgold.tif
issue,CBS012009DVDSonder,img20220522_14524881.tif,d89880c24d7469b766a264db68fc8a993974d768e882eee749e7ade22460af05,image/tiff,2905,2931,originals/issue-cbs012009dvdsonder.tif
issue,CBS012010DVD,img20220522_20250230.tif,8ddacb277572f60bd60a0deacc7934d65e311e217c9e35631661c623934c1954,image/tiff,2929,2907,originals/issue-cbs012010dvd.tif
issue,CBS022000,img20220421_11192066.tif,36bd8df32976ef96e3ee6fbcd3cc6e1e0ef2b7cf93d49fe4ca6b710a6451e826,image/tiff,2917,2919,originals/issue-cbs022000.tif
issue,CBS022001,img20220324_11015864.tif,1938cd89dd6455c8c8d5f4f00a43b321995d73b6e1979134869462594fde71ab,image/tiff,2930,2955,originals/issue-cbs022001.tif
issue,CBS022002,img20220326_10113294.tif,d95e70a8818afe0d069b97a89fd23f4412efe3d1e12725cd06b25cae6f587c26,image/tiff,2918,2907,originals/issue-cbs022002.tif
issue,CBS022003,img20220327_17595672.tif,7bdde554fb886381be6db8825926bee572aa7f0383a9d243b8cd8596304732e8,image/tiff,2894,2907,originals/issue-cbs022003.tif
issue,CBS022004,img20220327_19015995.tif,6fac34f6948d8e2100ba63eb924236a7c61b0e5874b234e0396242afb4033e3a,image/tiff,2894,2907,originals/issue-cbs022004.tif
issue,CBS022005DVD,img20220425_10312746.tif,0fb9241d9150836ed87ef9665ffb29bf34ce06d87a3b351a8f1b7fc06d9d86af,image/tiff,2882,2931,originals/issue-cbs022005dvd.tif
issue,CBS022006DVD,img20220501_18261618.tif,098e5ec5692624932c8914e608e9905d5c39b579b65961312fe6fdf34400b7a2,image/tiff,2881,2907,originals/issue-cbs022006dvd.tif
issue,CBS022007DVD,img20220507_12372285.tif,b8c08146c36ff1fd7a0781c452c6e01293737bdc53fae10e0633f88b9703c08a,image/tiff,2869,2895,originals/issue-cbs022007dvd.tif
issue,CBS022007DVDGOLD,img20220507_12414008.tif,50168916e1af18f907fd6e117aacb1fbccdc0ca12d72e3a2950b8775b60f3428,image/tiff,2906,2907,originals/issue-cbs022007dvdgold.tif
issue,CBS022008DVD,img20220508_20234623.tif,1de2adfd4982859ab186aeda4df4125797e3e9120cf0b336c76c7b877c0a4fa2,image/tiff,2906,2907,originals/issue-cbs022008dvd.tif
issue,CBS022008DVDGold,img20220508_20193038.tif,0f392eb2aa6fb647a29eca2ce7bfd5321750baa41b1275ad9a1e0a55d3c068a7,image/tiff,2905,2919,originals/issue-cbs022008dvdgold.tif
issue,CBS022009DVD,img20220522_15034409.tif,64e8862feed3f9cfaeed13e66e56edd60a26c3035f55a8f2597e11a4c043624c,image/tiff,2893,2907,originals/issue-cbs022009dvd.tif
issue,CBS022009DVDGold,img20220522_15001647.tif,95ffd24accf3f7b6fdb99810162b5d2b02c4a049ca614e74facee5e12eb85a94,image/tiff,2893,2907,originals/issue-cbs022009dvdgold.tif
issue,CBS022010DVDGold,img20220522_20292622.tif,5905a0a81ae5a5414f3126dcc087163e92e1d1ee3259fa7d4088c209b80b868d,image/tiff,2869,2895,originals/issue-cbs022010dvdgold.tif
issue,CBS032001,img20220324_11215550.tif,ca7bb474e6f6d15d9bc763fef11a87e454abdb91915ec9e27cf566cf53791753,image/tiff,2906,2907,originals/issue-cbs032001.tif
issue,CBS032002,img20220326_10150903.tif,705610b2d44b14a01708eb27451d8e5c8c6929f4b4ca1d88eb03de68c6e98db5,image/tiff,2918,2907,originals/issue-cbs032002.tif
issue,CBS032003,img20220327_18030980.tif,db72f87a61b44df5e13f333002b0fc3f3832f0d7ad237e32701d671d10469be8,image/tiff,2894,2907,originals/issue-cbs032003.tif
issue,CBS032004 (CD1),img20220327_19051229.tif,207f6e33249934f7fb0b91deb0badd175b2686289b4edd6b156ec9db3d13ed9c,image/tiff,2894,2907,originals/issue-cbs032004-cd1.tif
issue,CBS032004 (CD2),img20220327_19091318.tif,092996e7b319ceaeea3b6ef847dc2360331952c6a90f06438ed8b838de280598,image/tiff,2894,2907,originals/issue-cbs032004-cd2.tif
issue,CBS032005DVD,img20220425_10354823.tif,e42dd03963bf2fc3cfbe92c3877af9febe818e46397756f2176d417f2beff440,image/tiff,2882,2919,originals/issue-cbs032005dvd.tif
issue,CBS032006DVD,img20220501_18294221.tif,b91e166faf3f9a459d880a651df4ee1a07c1a8e9aeaee4269c4ee58797e36027,image/tiff,2905,2895,originals/issue-cbs032006dvd.tif
issue,CBS032007DVD,img20220508_17413109.tif,9dfcbcfba565cd012f62d8033ee569003683583802853bc72209074703bc62b1,image/tiff,2906,2919,originals/issue-cbs032007dvd.tif
issue,CBS032007DVDGold,img20220508_17305751.tif,e7b23db50eb6c95646f79bce712c668f76c04317d8ef67141eac7538427e815c,image/tiff,2917,2918,originals/issue-cbs032007dvdgold.tif
issue,CBS032008DVD,img20220508_20331803.tif,44507092f82ecb263d23f622e227251c86ac1388e1b8930be05c1251ffe5b9b1,image/tiff,2906,2895,originals/issue-cbs032008dvd.tif
issue,CBS032008DVDGold,img20220508_20284929.tif,74c911c5d9c07b83ddf34897b92eb72959088e565eb3b8cda55665eb20d5a41f,image/tiff,2941,2919,originals/issue-cbs032008dvdgold.tif
issue,CBS032009DVD,img20220522_17384965.tif,f3438982678adc8919adba5bdb54333af14c9a1349e47da7236a888d4e593b19,image/tiff,2905,2919,originals/issue-cbs032009dvd.tif
issue,CBS032009DVDGold,img20220522_17351008.tif,cc6654d6e0d0825aa91bca049804b94e09311061f2945d15a86855170495824a,image/tiff,2917,2931,originals/issue-cbs032009dvdgold.tif
issue,CBS032010DVDGold,img20220522_20393124.tif,9b7d3e6936c496e123912e521c86613b37a6b1e744132071d671fab108edf2e1,image/tiff,2893,2907,originals/issue-cbs032010dvdgold.tif
issue,CBS042000,img20220421_11294789.tif,cc6e055cee51be8a450a5a475f8a02a558ce5e405caa1dbc26d5b6296dabb121,image/tiff,2893,2883,originals/issue-cbs042000.tif
issue,CBS042001,img20220324_11253220.tif,1e6f9d84b1b6c372d350b8e766ddda57b5b0a6d7d916df5225e81a6cd436fc0d,image/tiff,2906,2907,originals/issue-cbs042001.tif
issue,CBS042002,img20220326_10192047.tif,fc06420f2b3aac1a67f651d91fb53699b7e10b874873b4c9bcd358267d70a25e,image/tiff,2893,2931,originals/issue-cbs042002.tif
issue,CBS042003,img20220327_18061083.tif,e822c81c75a34764d854739ebcb95c4375765ecb41798fd420e847a1f3dba144,image/tiff,2894,2907,originals/issue-cbs042003.tif
issue,CBS042004,img20220327_19134093.tif,d999cbc736878176bc2eb7c966398a4815b13c1d94ba4be13ee9bd63141e4610,image/tiff,2894,2907,originals/issue-cbs042004.tif
issue,CBS042005DVD,img20220425_10410396.tif,9c9a05ca578b222ebc0ce214892c9a24fb1adc80a3bee6730cea6b9c0984c0af,image/tiff,2893,2931,originals/issue-cbs042005dvd.tif
issue,CBS042006DVD,img20220501_18343006.tif,47e9f8b0778a232dbe276fde0a29f02bdd6932dedd727ca00c1867c6bb4378ca,image/tiff,2882,2895,originals/issue-cbs042006dvd.tif
issue,CBS042007DVD,img20220508_18333946.tif,b57e2a54944b0ed5184ae4971eb65cf59cd6635d661a23fe94208d9cddfa5266,image/tiff,2893,2895,originals/issue-cbs042007dvd.tif
issue,CBS042007DVDGold,img20220508_17460065.tif,721c420dd50d80a32a08bb94aed6a19da41718f9c216499416be074550ea66e7,image/tiff,2905,2907,originals/issue-cbs042007dvdgold.tif
issue,CBS042008DVD,img20220508_20421226.tif,9031d2921bce5dcd42b0c2f75bdb5fa2fab91d81686352810d4a8a8c845975d9,image/tiff,2857,2907,originals/issue-cbs042008dvd.tif
issue,CBS042008DVDGold,img20220508_20380185.tif,8d9e639a1835408c7954b5b32dd73179d92a314d1f45fcab559e52af877fa4cd,image/tiff,2905,2919,originals/issue-cbs042008dvdgold.tif
issue,CBS042009DVD,img20220522_17473577.tif,6afce77e591b0a914fb68013586614d453ddda7b365a0ded2d5276ac6186c34f,image/tiff,2882,2943,originals/issue-cbs042009dvd.tif
issue,CBS042009DVDGold,img20220522_17430606.tif,99e72bd23704c630280080a96474d95b1f5ee45a796bba2515af031df125553d,image/tiff,2906,2907,originals/issue-cbs042009dvdgold.tif
issue,CBS052000,img20220421_11383280.tif,62dcf7cd20922e33b5477c7d252c37375b936f27063cb2def49a7f3499e59e07,image/tiff,2917,2907,originals/issue-cbs052000.tif
issue,CBS052001,img20220324_11292753.tif,29758136cfc83c99db3adb371d137c1550e8c383f0ea02b59ff484c6bd7efdb2,image/tiff,2906,2931,originals/issue-cbs052001.tif
issue,CBS052002,img20220326_10222130.tif,59ecb9319e9f78cd646d142209fd5dd70263859b90beb76017a2c95509c53c08,image/tiff,2893,2931,originals/issue-cbs052002.tif
issue,CBS052003,img20220327_18095059.tif,fe5d2b20f2148c115797a4a9d50721706a897d06848c5be30f076442d6e6818a,image/tiff,2894,2907,originals/issue-cbs052003.tif
issue,CBS052004,img20220327_19165667.tif,5937f50ae991da034413981268efc3490661539067fc18edbab8b0fdbdd712a9,image/tiff,2894,2907,originals/issue-cbs052004.tif
issue,CBS052005DVD,img20220425_10423795.tif,91f9a69562671fa3e5cc76b1d5f64d3fa8af040603610b5796af0c449845b552,image/tiff,2893,2931,originals/issue-cbs052005dvd.tif
issue,CBS052006DVD,img20220501_18375830.tif,12c1eb00291fb29a1dd37ddea729294f038f6ebf1c94d01d7517d7a553e66903,image/tiff,2893,2907,originals/issue-cbs052006dvd.tif
issue,CBS052007DVD,img20220508_17540162.tif,e6ca0ec72efe9d819ee73cf32aaf0cb45c05b17f2bca99f057e1400bcde80e6f,image/tiff,2905,2907,originals/issue-cbs052007dvd.tif
issue,CBS052007DVDGold,img20220508_17495910.tif,42b9b6b8eae5b9c42e0e7102d665eb337309d2b82102766a6914fa1fb89aec38,image/tiff,2917,2931,originals/issue-cbs052007dvdgold.tif
issue,CBS052008DVD,img20220508_21005731.tif,10e9a19657ecabdee51c802591a7d08c7f132c7244e8560b61da64da02839efc,image/tiff,2869,2895,originals/issue-cbs052008dvd.tif
issue,CBS052008DVDGold,img20220508_20491425.tif,22ef313d363cb205787f9435bd0c05fcb5a48224b6e4b1558ad2599d6bff6557,image/tiff,2893,2907,originals/issue-cbs052008dvdgold.tif
issue,CBS052009DVD,img20220522_17593305.tif,88a68d1ffa15743693efbc9e9c092be31b383ad553de6c033c68b4e7900bd26c,image/tiff,2893,2907,originals/issue-cbs052009dvd.tif
issue,CBS052009DVDGold,img20220522_17513943.tif,ccd86e5e214eea4b7865803427f56b2cc630702bb5665ff05885944d8eb2e0cb,image/tiff,2893,2907,originals/issue-cbs052009dvdgold.tif
issue,CBS052010DVDGold,img20220614_10035449.tif,b173bb3d7007b13ef7e155ddef97965487d944ecaf4b6e8bc6cd3fbf9d9f2e6a,image/tiff,2906,2930,originals/issue-cbs052010dvdgold.tif
issue,CBS062000,img20220421_11345251.tif,8790a82c5a1d3939455c7b60deda83fe9fbce02616b4d9cc2ecce90c1bf31e60,image/tiff,2917,2907,originals/issue-cbs062000.tif
issue,CBS062001,img20220324_11341286.tif,7393721352dc416f4ac85a22c1a2150be943cccfc9957b8a0a65da64edef2066,image/tiff,2906,2931,originals/issue-cbs062001.tif
issue,CBS062003,img20220327_18211060.tif,275084ebef4082075df35bc28d0aa6962c8bf6200e2365dc25e4cfb134190330,image/tiff,2894,2907,originals/issue-cbs062003.tif
issue,CBS062004,img20220327_19200577.tif,b585b2a668d0b3f717b9b5732150474574c4db7980ab0af9aeb250e02447693e,image/tiff,2894,2907,originals/issue-cbs062004.tif
issue,CBS062005DVD,img20220425_10475068.tif,933734d40e7b1dcd71742ca132ec5de4f79fc06f5e74dfd7902daf1314364d58,image/tiff,2929,2931,originals/issue-cbs062005dvd.tif
issue,CBS062006DVD,img20220501_18413736.tif,cdcbefaffb650417e664922a89e0451a3adb621b2688f51517213c5a142dc2b4,image/tiff,2893,2907,originals/issue-cbs062006dvd.tif
issue,CBS062007DVD,img20220508_18021102.tif,67874bde1a49fbb558e4ebfa13f640bb6c3629cabaec82865d9166fdbaf3aec4,image/tiff,2917,2931,originals/issue-cbs062007dvd.tif
issue,CBS062007DVDGold,img20220508_17581065.tif,9c3bdd15825177b6baf0aeea31c8744228980c408951b7d5efddba163ae6e6ab,image/tiff,2906,2931,originals/issue-cbs062007dvdgold.tif
issue,CBS062008DVD,img20220508_21094441.tif,7c9026b1541f4fc97d831fcf6be32e3c360bf17d478506b5acd04e2dea17169c,image/tiff,2893,2907,originals/issue-cbs062008dvd.tif
issue,CBS062008DVDGold,img20220508_21052121.tif,65ee8d85cf3e882065ecbb98eed1cbd812ffb4b45d2d3ca6c3136d323a39cd6e,image/tiff,2906,2942,originals/issue-cbs062008dvdgold.tif
issue,CBS062009DVD,img20220522_18241198.tif,f8b88a7a30416b8c49e14a5bfb10e77f2169ab6e538d2053d15de108df913688,image/tiff,2893,2907,originals/issue-cbs062009dvd.tif
issue,CBS062009DVDGold,img20220522_18174161.tif,897b1907024b46c18245f2bac1987bf8cf061434356e7af62ec760795f121b80,image/tiff,2917,2919,originals/issue-cbs062009dvdgold.tif
issue,CBS072000,img20220421_11471069.tif,976bbc2ab494c2ed053182913c62bbb7753659d9b217888c743196721fe59b22,image/tiff,2929,2907,originals/issue-cbs072000.tif
issue,CBS072001,img20220324_11374653.tif,d071a6c9c0b5b2d17f7b3e2c7409df509edeca2e0d568f946243f6f71a242bbf,image/tiff,2906,2931,originals/issue-cbs072001.tif
issue,CBS072002,img20220326_10284252.tif,a13c47f0c930d4df76c2786bcc2802258caa2681a5bad0c67431cfb7278b888f,image/tiff,2893,2907,originals/issue-cbs072002.tif
issue,CBS072003,img20220327_18242158.tif,31b8de6880be53466d78e3b426f9e3afd92d903571cd9750473e8204491653f1,image/tiff,2894,2907,originals/issue-cbs072003.tif
issue,CBS072004(CD1),img20220331_11494437.tif,d125bfe6a4bf6357c35ce1615dc451a644b5fe8dd22a5a69ac7330484c45ea0b,image/tiff,2894,2931,originals/issue-cbs072004-cd1.tif
issue,CBS072004(CD2),img20220331_11540446.tif,e41165f8b9a124c8f6d547f62b652dd67b6b5bdca8e6ea67038c4a48f6f70764,image/tiff,2930,2931,originals/issue-cbs072004-cd2.tif
issue,CBS072005DVD,img20220429_12341710.tif,4589ff5ae4c5aecc7b08e35b230b6aa058832c8b114597040238ada6d896ee29,image/tiff,2906,2919,originals/issue-cbs072005dvd.tif
issue,CBS072006DVD,img20220501_18520247.tif,4664a260e353c63883cc666ef5e535927f444f9cb5b80a71bf3b12c8552b1e92,image/tiff,2893,2895,originals/issue-cbs072006dvd.tif
issue,CBS072006DVDGOLD,img20220501_18462938.tif,566bc2183163fac543168f7052426db2f3229a67e76f17837d24795bbb890df8,image/tiff,2893,2907,originals/issue-cbs072006dvdgold.tif
issue,CBS072007DVD,img20220508_18300224.tif,8de3d764def1a009ac40f4e8802a5ebe68ee6554de4c1b2b9ff3609a07d54dc9,image/tiff,2906,2907,originals/issue-cbs072007dvd.tif
issue,CBS072007DVDGold,img20220508_18060081.tif,a3fb2b3a0ce92aca1c7bc163519213d5c9b88bc09cd40b7b1a6b57b9242cb0b9,image/tiff,2917,2907,originals/issue-cbs072007dvdgold.tif
issue,CBS072008DVD,img20220508_21174795.tif,fb6ad874653202011184431cc88248aa733db2c6abd8f4a3ed201577315f028e,image/tiff,2869,2955,originals/issue-cbs072008dvd.tif
issue,CBS072008DVDGold,img20220508_21133227.tif,82fa26b5257414521baf237b306f6a2001924a6acbaa7d90cd6204294cf8245e,image/tiff,2905,2907,originals/issue-cbs072008dvdgold.tif
issue,CBS072009DVD,img20220522_18333110.tif,bd425213cc06be9465ea9cfdb004b3010ab4ec9801b8d3533e4eefb97a25b2f2,image/tiff,2893,2907,originals/issue-cbs072009dvd.tif
issue,CBS072009DVDGold,img20220522_18290014.tif,2c780625a8d0c3d16f8181de1959dcf9a0e1a304d5a5a9c7b199b479451771de,image/tiff,2905,2919,originals/issue-cbs072009dvdgold.tif
issue,CBS072010DVD,img20220614_10221731.tif,ca37cbff79dda459d2df9ca81c72bde0d8b6e60b09b3c814d1f42a990ab1ab80,image/tiff,2906,2930,originals/issue-cbs072010dvd.tif
issue,CBS082000,img20220421_11484303.tif,95977a5cfa9c3cd19a8a944b776b263db9ef3d010d9a4fc91685e616fe70c154,image/tiff,2929,2907,originals/issue-cbs082000.tif
issue,CBS082001,img20220324_11412597.tif,15578aec8e44c39d800255af60b14e3190c2ddc83045fd82dc6c991517f3e91f,image/tiff,2918,2931,originals/issue-cbs082001.tif
issue,CBS082002,img20220326_10320765.tif,7df754517adad0847af7bdd62a6794eb3c66f717a8f669dff17d4e0b36795982,image/tiff,2893,2907,originals/issue-cbs082002.tif
issue,CBS082003,img20220327_18342866.tif,cc5db48d50a081222e4bf849d3f641a75486060ed236bc57d3cf68484fb4ea3d,image/tiff,2894,2907,originals/issue-cbs082003.tif
issue,CBS082004,img20220331_11571260.tif,eb617731653b644c1294d89daae80f334f50e91d5878e7b55382ed78fa7163c3,image/tiff,2930,2931,originals/issue-cbs082004.tif
issue,CBS082005DVD,img20220429_12361060.tif,426dfc78a6d214e83fc570bc782673f1005a634eedb40b3c42da597b671f139a,image/tiff,2906,2919,originals/issue-cbs082005dvd.tif
issue,CBS082006DVD,img20220501_19040801.tif,919f24247cee22736d08a2f682df674dd3f66f668c2c1b64e06736c1e0a6954b,image/tiff,2881,2919,originals/issue-cbs082006dvd.tif
issue,CBS082006DVDGOLD,img20220501_18585336.tif,3b6dd3902734dc681209e2989309f47c3a5f541967c5e4c8ff07759edf26e09c,image/tiff,2893,2895,originals/issue-cbs082006dvdgold.tif
issue,CBS082007DVD,img20220508_18421344.tif,38f3fda0afb394277c6f37349014d9e6a0d5b6c6ab4dd79db227a1efe8e00c9e,image/tiff,2881,2907,originals/issue-cbs082007dvd.tif
issue,CBS082007DVDBonus,img20220508_18473097.tif,4d1e3398013edbb315726b56e1607263cd193253bd3caca3f134972182f60197,image/tiff,2905,2931,originals/issue-cbs082007dvdbonus.tif
issue,CBS082007DVDGold,img20220508_18374025.tif,99d2cad890948bf0cf0ae2bd3c4c4dbc19244098f6f8657fa6ce4ca0874bcb6a,image/tiff,2905,2919,originals/issue-cbs082007dvdgold.tif
issue,CBS082008DVD,img20220508_21262990.tif,b31a3c0d9343c0a273db91799b2a8cf6c8fec7ede83a642daef6947bed8f9aa7,image/tiff,2893,2907,originals/issue-cbs082008dvd.tif
issue,CBS082008DVDGold,img20220508_21224167.tif,cacb06f05353faafdcf5281e4f5a3ab49298082e9fafed5d54856ff38430163e,image/tiff,2918,2931,originals/issue-cbs082008dvdgold.tif
issue,CBS082009DVD,img20220522_18461870.tif,8850166b6fb8ea8b0acd9e11a1d594a2e31005b8ffb724ca01f41bf089ece269,image/tiff,2905,2919,originals/issue-cbs082009dvd.tif
issue,CBS092000,img20220324_10382044.tif,5923361b2ade8a8d360e8e9d560a827c21db5260dba8c50fb6eb6ae9c33a23be,image/tiff,2942,2931,originals/issue-cbs092000.tif
issue,CBS092001,img20220324_11513740.tif,61d3795687cd8e77f5caf5faccd32df13cb6c66e1c02cd10bed6f4acc41113c1,image/tiff,2942,2931,originals/issue-cbs092001.tif
issue,CBS092002,img20220327_17444354.tif,45135c63fd0f3bd6f64430fa24297f7eb4962a9f4340b626fc179a1b8d87d01f,image/tiff,2894,2919,originals/issue-cbs092002.tif
issue,CBS092003,img20220327_18372975.tif,20bdd5f7dc8a13b4a09b9ca4190b50fe4e7ed4cfae41095be36f5f31fb0e4fed,image/tiff,2894,2907,originals/issue-cbs092003.tif
issue,CBS092004DVD,img20220402_17153534.tif,43969823111e91d95e513f355b092b191933b5512a3dfc61094babe23af0bcad,image/tiff,2894,2931,originals/issue-cbs092004dvd.tif
issue,CBS092005DVD,img20220429_12423697.tif,057e4da70ad215f2c8d544de3d510ee579f17a3d8607259bbd9e4290d905438a,image/tiff,2929,2919,originals/issue-cbs092005dvd.tif
issue,CBS092006DVD,img20220501_19095329.tif,092af286302fb86c5dca2a64e874b6c96c4971daa1c98c504f8a5467b405ab0e,image/tiff,2906,2943,originals/issue-cbs092006dvd.tif
issue,CBS092006DVDGOLD,img20220501_19075014.tif,b0ef9d9b31544b9038268491f113c21035072b205d64b358d1c58e4c44e58935,image/tiff,2906,2943,originals/issue-cbs092006dvdgold.tif
issue,CBS092007DVD,img20220508_19145081.tif,773b1dd994e47330bea598fc922e9661aded82e3f782a528a5693baedb298a77,image/tiff,2893,2908,originals/issue-cbs092007dvd.tif
issue,CBS092007DVDGold,img20220508_18544609.tif,c1502a7f6d7da40262b19d1147570ab7c3fc10241608ea632ac622163a120773,image/tiff,2917,2931,originals/issue-cbs092007dvdgold.tif
issue,CBS092008DVD,img20220508_21350805.tif,9821770fcd7a7beaae1cdfabe771b72a3c78fde52806b05c9683f812aa923cd1,image/tiff,2893,2895,originals/issue-cbs092008dvd.tif
issue,CBS092008DVDGold,img20220508_21304237.tif,8639aa4a3e5b360ccd011afa39fd71e9ebaf91ea2e2bebbd40abd46c2f0d52ad,image/tiff,2905,2919,originals/issue-cbs092008dvdgold.tif
issue,CBS092009DVD,img20220522_18575550.tif,5d0ecdc8d725716968baff4503de7b1ccf4d24f233319d6f5622665fd8450106,image/tiff,2893,2919,originals/issue-cbs092009dvd.tif
issue,CBS092009DVDGold,img20220522_18534446.tif,9bc75a5539c41251f01eb00e374494a41e94c6f844b1d42cf4bf750206c45b53,image/tiff,2905,2895,originals/issue-cbs092009dvdgold.tif
issue,CBS102000,img20220324_11132402.tif,9ae8f6eaed3059589115cf11c06af84c0265564f432fdab8cf73da2cb0c67fa1,image/tiff,2930,2955,originals/issue-cbs102000.tif
issue,CBS102001,img20220324_11552719.tif,6bdaa95257eb6a029d20e059916fef8293899a0354b43b54051dba2f659bcc8d,image/tiff,2918,2931,originals/issue-cbs102001.tif
issue,CBS102002,img20220327_17474149.tif,79e8cbc840f39ec33d60aefce96eca8e813bdbf8cab599df22fe092f29e34075,image/tiff,2894,2895,originals/issue-cbs102002.tif
issue,CBS102003,img20220327_18412362.tif,02eebc443312f4da6f7ab6219d0741fd481b8f797c417102849260a145cc58bc,image/tiff,2894,2907,originals/issue-cbs102003.tif
issue,CBS102004DVD,img20220425_10141892.tif,3120e1f56f67e0c23112c865f0a1d84fd03c19a997641776d07cf6732c0e027e,image/tiff,2894,2931,originals/issue-cbs102004dvd.tif
issue,CBS102005DVD,img20220429_12442237.tif,0b2ead08fd527c206e47834c74d409f925365f2fb266b4b33533054e92bb2416,image/tiff,2929,2919,originals/issue-cbs102005dvd.tif
issue,CBS102006DVD,img20220501_19200905.tif,0237520a7e93a47dd121ec6c2531ebd7779bf6890ebc2b897162e7ef21290689,image/tiff,2869,2907,originals/issue-cbs102006dvd.tif
issue,CBS102006DVDGOLD,img20220501_19165405.tif,377e6ebfbfe8dcf9795f88a9f175cff57e4569926d04ea2d5b559abb5318d84a,image/tiff,2881,2919,originals/issue-cbs102006dvdgold.tif
issue,CBS102007DVD,img20220508_19402819.tif,d3fa778a145496326cd9ad48e0fd194e737a05e523fc37a3c4b74c8705eaf37c,image/tiff,2893,2906,originals/issue-cbs102007dvd.tif
issue,CBS102007DVDGold,img20220508_19360718.tif,e29d0af34f6689c91aed4111cb708ae3320abba205bb0885abe79016b1d21f64,image/tiff,2906,2907,originals/issue-cbs102007dvdgold.tif
issue,CBS102008DVD,img20220522_14334563.tif,99a2fe11c581215f99cd7f27934fbe72da11e5f42e879ee7e7ffc9d3455107f8,image/tiff,2893,2907,originals/issue-cbs102008dvd.tif
issue,CBS102008DVDGold,img20220522_14295880.tif,7df8ab333e1b3c3cf462274963246d5c40a8bbd3667d42990f3a2d3c6138f2ac,image/tiff,2919,2919,originals/issue-cbs102008dvdgold.tif
issue,CBS102009DVD,img20220522_19492133.tif,2be4abaf3a24768c7cbf374250b265b8c11fea780225750b91072f6a65caed00,image/tiff,2893,2931,originals/issue-cbs102009dvd.tif
issue,CBS102009DVDGold,img20220522_19031193.tif,a05c0aa054c454ade93c7dd13499a345ed537faafdbb7bdfb1b904ea6abb1ad5,image/tiff,2905,2919,originals/issue-cbs102009dvdgold.tif
issue,CBS112000,img20220324_10510387.tif,14d237052241fb2b0c46cc3c99c63030f87cdb01395ab869ba86a957ad953d87,image/tiff,2930,2955,originals/issue-cbs112000.tif
issue,CBS112001,img20220324_11584135.tif,cb4730ba18e9d100fd37acc03070ffdcd655611420eaf3fdf7f5b2e35002df88,image/tiff,2966,2943,originals/issue-cbs112001.tif
issue,CBS112002,img20220327_17505035.tif,60c5fc18e85d9135c91a83fab2fbe7e7317ae2d8dc8d8ac90ad9244073725845,image/tiff,2894,2895,originals/issue-cbs112002.tif
issue,CBS112003,img20220327_18445003.tif,7f0418e055dcc90d8e370bf5861f0595a2ae4fdc1b96d61cc96afcb9566690e7,image/tiff,2894,2907,originals/issue-cbs112003.tif
issue,CBS112004DVD,img20220425_10195516.tif,02b0bbb1e849ed24990fde59b94b5543c3fe5fc1b0cc7880dafcc9030f3f2ba0,image/tiff,2917,2931,originals/issue-cbs112004dvd.tif
issue,CBS112005DVD,img20220429_12500864.tif,b6efa9c318815425f9709d4d89f52877e13dfe9ad940cacaecb426e1028014e4,image/tiff,2917,2931,originals/issue-cbs112005dvd.tif
issue,CBS112006DVD,img20220501_19405326.tif,386cc91553a7b0b2f50ef4b789fcf37178071f7cdd5df3fa8b5702f85ea9f6d7,image/tiff,2881,2907,originals/issue-cbs112006dvd.tif
issue,CBS112007DVD,img20220508_19501270.tif,1f108db7111dfb94175ab6e09705ac5ba188bc9fd73d3367cab6c5b6af499974,image/tiff,2906,2907,originals/issue-cbs112007dvd.tif
issue,CBS112007DVDGold,img20220508_19444630.tif,3d814b8d97c62131fec403bb3daba789c3621108a332f1cde10aeccd9e99455f,image/tiff,2882,2919,originals/issue-cbs112007dvdgold.tif
issue,CBS112008DVD,img20220522_14411733.tif,26d9f8c40dc998d8d194074675b09c6c88650328bcef6487ec9ec7e0ddc8cfd8,image/tiff,2893,2919,originals/issue-cbs112008dvd.tif
issue,CBS112008DVDGold,img20220522_14373898.tif,ca830077f09a10c97339ce06ae1c48d6c2962b3c320b7f8fdd2e6bfc15b222ce,image/tiff,2917,2931,originals/issue-cbs112008dvdgold.tif
issue,CBS112009DVD,img20220522_19335715.tif,4a37c3cfc7970a269f358093ca909b3cae383ed9749883c26df570cac73c98f5,image/tiff,2881,2919,originals/issue-cbs112009dvd.tif
issue,CBS112009DVDGold,img20220522_19272912.tif,bd491507c83a226b6d56b491e101dd2782a0da9351180988ba521c163924bbc7,image/tiff,2881,2883,originals/issue-cbs112009dvdgold.tif
issue,CBS121999,img20220421_11084580.tif,99c53859d9b6624e2dd65d0fb34909fcceab1c9a929839b957fb7f4de305f8b4,image/tiff,2930,2943,originals/issue-cbs121999.tif
issue,CBS122001,img20220324_12022373.tif,4e2c2789d868449333f526593b780602c4b01588e2d8087fc545a86aee02ba90,image/tiff,2918,2943,originals/issue-cbs122001.tif
issue,CBS122002,img20220327_17535364.tif,e44a5e6166a0c250f2c9ac38b16a97a7ced0c15995ecdfffdd788705dee9dc92,image/tiff,2894,2895,originals/issue-cbs122002.tif
issue,CBS122003 (CD1),img20220327_18490813.tif,1c14c0185c3b79d5cf21ccb0b0a540d635edee36ae55ce32b0e3d47237f60ce4,image/tiff,2894,2907,originals/issue-cbs122003-cd1.tif
issue,CBS122003 (CD2),img20220327_18523030.tif,ab936bb6b8da680359179aef8b4834c8a46660abdb24847e6dc810a7777030eb,image/tiff,2894,2907,originals/issue-cbs122003-cd2.tif
issue,CBS122004DVD,img20220425_10212446.tif,60b8acacd61e81168b72e8fc55ce6167ed1e056f1034819d8414b492ee7a87af,image/tiff,2917,2931,originals/issue-cbs122004dvd.tif
issue,CBS122005DVD,img20220429_12520331.tif,319736de759b5bbf92df468fe94a68c0fcfed8db700791e51bd54dcc4acb0a4c,image/tiff,2917,2931,originals/issue-cbs122005dvd.tif
issue,CBS122006DVD,img20220501_20074647.tif,3ebc267b82fbc32d0fc4cc265775129df993bb1f4da610a44fcf8e56c615472a,image/tiff,2881,2907,originals/issue-cbs122006dvd.tif
issue,CBS122006DVDGOLD,img20220501_20035910.tif,a3cbc8bbf62d47b5d48681f2dc547ae1dfccabfd21a25dd0b1efb395755d351a,image/tiff,2905,2907,originals/issue-cbs122006dvdgold.tif
issue,CBS122007DVD,img20220508_19582935.tif,d237bd9dfff25b4a8248a8e9dc0c4b510ec38815a96f7b26aec4b2a7c1c628bf,image/tiff,2894,2883,originals/issue-cbs122007dvd.tif
issue,CBS122007DVDGold,img20220508_19543984.tif,4b00a6487ecbb640bf3132d23125bdb39c49bfb0d872130fe9b51aad521a2d66,image/tiff,2906,2930,originals/issue-cbs122007dvdgold.tif
issue,CBS122008DVD,img20220522_14483210.tif,cb1681b907e76c790ce177b85d4e2320bc416631e978e517a8d0627756a82a4d,image/tiff,2869,2919,originals/issue-cbs122008dvd.tif
issue,CBS122008DVDGold,img20220522_14451265.tif,5d36f9c5946602c6901c80c0d45b08ed1d299b9a7ff880e312cdf54cea961a3a,image/tiff,2905,2907,originals/issue-cbs122008dvdgold.tif
issue,CBS122010DVD,img20220614_11093807.tif,7b5dace93f4510e89b382d4dba253ff36694eda2ebdb40806f036bffdfd75fd7,image/tiff,2906,2930,originals/issue-cbs122010dvd.tif
issue,CBS122010DVDGold,img20220614_11062036.tif,1f74c203e1063a136e7abb5a11a58453eb0084715089835b6e8cf995dd1cefa9,image/tiff,2906,2930,originals/issue-cbs122010dvdgold.tif
