subject_id,wikidata_id,match_basis,source_file,source_page_url,source_download_url,source_sha1,source_revision,source_mime,source_width,source_height,creator_name,creator_url,license_id,license_name,license_url,credit_line,attribution_required,usage_terms,restrictions,description
andyetitmoves,Q489583,wikidata_p18,And Yet It Moves title.png,https://commons.wikimedia.org/wiki/File:And_Yet_It_Moves_title.png,https://upload.wikimedia.org/wikipedia/commons/5/5d/And_Yet_It_Moves_title.png,4c7298ba35a08b3556c84c4fa8dc90ae2a393ce4,1114029927,image/png,1920,1080,Broken Rules,,CC BY-SA 3.0,CC BY-SA 3.0,https://creativecommons.org/licenses/by-sa/3.0,"Martin Pichlmair, Broken Rules co-founder, via email Broken Rules press kit: http://brokenrul.es/presskit",true,Creative Commons Attribution-Share Alike 3.0,,"And Yet It Moves title, by Broken Rules (game developer)"
armagetronadvanced,Q676587,wikidata_p18,Armagetron.jpg,https://commons.wikimedia.org/wiki/File:Armagetron.jpg,https://upload.wikimedia.org/wikipedia/commons/9/99/Armagetron.jpg,7c23ef96c8c78a079521e5853d57167fd898c1ac,1065388030,image/jpeg,640,480,The original uploader was Crr at German Wikipedia.,https://en.wikipedia.org/wiki/de:User:Crr,GPL,GPL,http://www.gnu.org/licenses/gpl.html,Transferred from de.wikipedia to Commons.,true,GNU General Public License,,"Szene aus dem Spiel ""Armagetron"""
assassinscreed,Q420292,commons_depicts,AC Rogue.png,https://commons.wikimedia.org/wiki/File:AC_Rogue.png,https://upload.wikimedia.org/wikipedia/commons/1/10/AC_Rogue.png,10bae06933419374da4ad55fc1e68d1a954cbaf7,1115341179,image/png,400,185,Ubisoft,,Public domain,Public domain,,http://es.assassinscreed.wikia.com/wiki/Archivo:AC_Rogue_logo.png,false,Public domain,trademarked,Logo von Assassin's Creed Rogue
assassinscreed,Q420292,commons_depicts,Assassin's Creed Brotherhood logo.svg,https://commons.wikimedia.org/wiki/File:Assassin%27s_Creed_Brotherhood_logo.svg,https://upload.wikimedia.org/wikipedia/commons/d/df/Assassin%27s_Creed_Brotherhood_logo.svg,04b4969c99580658c5219ba9ff4e2e894376bc91,1115341298,image/svg+xml,512,193,™/®Ubisoft,,Public domain,Public domain,,"Vectorised by Angelus, optimised by VulcanSphere",false,Public domain,trademarked,This is the Assassin's Creed: Brotherhood logo.
assassinscreed,Q420292,commons_depicts,Assassin's Creed IV - Black Flag logo.png,https://commons.wikimedia.org/wiki/File:Assassin%27s_Creed_IV_-_Black_Flag_logo.png,https://upload.wikimedia.org/wikipedia/commons/7/77/Assassin%27s_Creed_IV_-_Black_Flag_logo.png,3f35a4a1f898e4bc9984060f0690ef908541bd3e,1115340959,image/png,3621,1461,Ubisoft,,Public domain,Public domain,,Ubisoft,false,Public domain,trademarked,logo without background
assassinscreed,Q420292,commons_depicts,Assassin's Creed Revelations logo.svg,https://commons.wikimedia.org/wiki/File:Assassin%27s_Creed_Revelations_logo.svg,https://upload.wikimedia.org/wikipedia/commons/3/3e/Assassin%27s_Creed_Revelations_logo.svg,847eb03d06659be4d37d6d865557bab54e6662ea,1115341422,image/svg+xml,550,210,Original image: Ubisoft. SVG version: Angelus,https://commons.wikimedia.org/wiki/User:ANGELUS,Public domain,Public domain,,Own work,false,Public domain,trademarked,This is the Assassin's Creed: Revelations logo.
assassinscreed,Q420292,commons_depicts,Assassin's Creed Unity.png,https://commons.wikimedia.org/wiki/File:Assassin%27s_Creed_Unity.png,https://upload.wikimedia.org/wikipedia/commons/4/41/Assassin%27s_Creed_Unity.png,5625dcaa06b15d5f1ad74e4b7c23d5dbda5f6323,1115341110,image/png,454,225,Ubisoft,,Public domain,Public domain,,http://assassinscreed.ubi.com/de-de/news/news_detail.aspx?c=tcm:25-132237&ct=tcm:6-231-32,false,Public domain,trademarked,Logo von Assassin's Creed Unity
assassinscreed,Q420292,commons_depicts,Assassins Creed Odyssey logo.png,https://commons.wikimedia.org/wiki/File:Assassins_Creed_Odyssey_logo.png,https://upload.wikimedia.org/wikipedia/commons/7/76/Assassins_Creed_Odyssey_logo.png,eb8ad9d653d81b27fd15dff8665985ed1ed7b8a0,1115341289,image/png,8356,2830,Ubisoft,,Public domain,Public domain,,Ubisoft,false,Public domain,,Logo di Assassin's Creed Odyssey
assassinscreed,Q420292,commons_depicts,Assassins-creed-syndicate-logo.png,https://commons.wikimedia.org/wiki/File:Assassins-creed-syndicate-logo.png,https://upload.wikimedia.org/wikipedia/commons/8/85/Assassins-creed-syndicate-logo.png,09fe180cae239cb22a9322c80900de11a855c87d,1115341453,image/png,929,382,Ubiosft,,Public domain,Public domain,,Ubiosft.com,false,Public domain,trademarked,assassins-creed-syndicate-logo
assassinscreed,Q420292,commons_depicts,Assassin’s Creed II v1 logo.svg,https://commons.wikimedia.org/wiki/File:Assassin%E2%80%99s_Creed_II_v1_logo.svg,https://upload.wikimedia.org/wikipedia/commons/0/07/Assassin%E2%80%99s_Creed_II_v1_logo.svg,4205b5d6d7c27e5a34f191507a425eb4ab66116a,1115378625,image/svg+xml,1024,495,Unknown authorUnknown author,,Public domain,Public domain,,Vektordaten & Farbinfo: http://static2.cdn.ubi.com/ncsa/ac2/website/cdn/media/swf/loader.swf Positionierungsvorlage: de:File:AssassinsCreed2Logo.jpg,false,Public domain,trademarked,Logo
assassinscreed,Q420292,commons_depicts,"MGP Live's Production of ""Assassin's Creed Symphony."".jpg",https://commons.wikimedia.org/wiki/File:MGP_Live%27s_Production_of_%22Assassin%27s_Creed_Symphony.%22.jpg,https://upload.wikimedia.org/wikipedia/commons/4/45/MGP_Live%27s_Production_of_%22Assassin%27s_Creed_Symphony.%22.jpg,146e855f00a7722cdff90dcb8aa951953433d6de,1256511843,image/jpeg,1440,848,MGP Live,,CC BY 4.0,CC BY 4.0,https://creativecommons.org/licenses/by/4.0,MGPLive.com,true,Creative Commons Attribution 4.0,,"MGP Live's ""Assassin's Creed Symphony"" performed live"
assassinscreed,Q420292,commons_depicts,Textlogo Assassin’s Creed Origins.svg,https://commons.wikimedia.org/wiki/File:Textlogo_Assassin%E2%80%99s_Creed_Origins.svg,https://upload.wikimedia.org/wikipedia/commons/7/70/Textlogo_Assassin%E2%80%99s_Creed_Origins.svg,4d82fd118228758f52417c8e812c3fbb44d45fdd,1115341035,image/svg+xml,352,110,™/®Ubisoft Entertainment SA,,Public domain,Public domain,,Vectorised by VulcanSphere from http://www.assassinscreed.de/sites/www.assassinscreed.de/files/aco_logo_vector_e3_170611_330pm_1497210713_1.png,false,Public domain,trademarked,Textlogo des Videospiels Assassin’s Creed Origins.
commandoshinterfeindlichenlinien,Q2278202,commons_depicts,Commandos Behind Enemy Lines logo.png,https://commons.wikimedia.org/wiki/File:Commandos_Behind_Enemy_Lines_logo.png,https://upload.wikimedia.org/wikipedia/commons/3/31/Commandos_Behind_Enemy_Lines_logo.png,5190f7c6a7351db2d73fe91d9e120c4f902e4156,1039704678,image/png,500,143,Pyro Studios,,Public domain,Public domain,,https://www.steamgriddb.com/game/20210,false,Public domain,trademarked,Official logo for the video game Commandos: Behind Enemy Lines
cossackseuropeanwars,Q28418,wikidata_p18,3 cossacks european wars.JPG,https://commons.wikimedia.org/wiki/File:3_cossacks_european_wars.JPG,https://upload.wikimedia.org/wikipedia/commons/0/02/3_cossacks_european_wars.JPG,4ec9a1bfcae2a83c48771abe5b93a122838e9bf8,767928934,image/jpeg,800,640,GSC Game World - ukrainian game developer,https://en.wikipedia.org/wiki/ru:GSC_Game_World,GFDL,GFDL,http://www.gnu.org/copyleft/fdl.html,Screenshot was captured from game,true,GNU Free Documentation License,,"Screenshot from computer game ""Cossacks: European Wars shows battle which we can see in game."
fallout3,Q221164,wikidata_p18,Fallout 3 cover (cropped).png,https://commons.wikimedia.org/wiki/File:Fallout_3_cover_(cropped).png,https://upload.wikimedia.org/wikipedia/commons/d/d8/Fallout_3_cover_%28cropped%29.png,5e947e5ff869d804451bf4b48ae89082b9258f56,1251413016,image/png,270,365,Xbox México,https://www.youtube.com/@xboxmexico,CC BY 3.0,CC BY 3.0,https://creativecommons.org/licenses/by/3.0,This image has been extracted from another file,true,Creative Commons Attribution 3.0,trademarked|design,Cover artwork of the video game “Fallout 3”.
fallout3,Q221164,commons_depicts,Fallout.png,https://commons.wikimedia.org/wiki/File:Fallout.png,https://upload.wikimedia.org/wikipedia/commons/7/79/Fallout.png,e9a783505e98449ac181858c902207b4c40d20e2,1241690899,image/png,4974,2592,Blantonnewman2000,https://commons.wikimedia.org/w/index.php?title=User:Blantonnewman2000&action=edit&redlink=1,CC BY-SA 4.0,CC BY-SA 4.0,https://creativecommons.org/licenses/by-sa/4.0,Own work,true,Creative Commons Attribution-Share Alike 4.0,,"Blue: United States of America - Light Blue: United States of America's puppet states and allies - Dark Blue: United States of America's Occupation Zone (Panama Canal Zone) Red: USSR - Light Red: USSR's puppet states and allies - Dark Red: USSR Occupation Zone (East German Buffer Zone) Orange: People's Republic of China - Light Orange: People's Republic of China's puppet states and allies Green: United States of Brazil - Light Green: United States of Brazil's puppet states and allies Purple: European Commonwealth - Light Purple: Remnants of former European Commonwealth nations - Dark Purple: European Commonwealth Occupation Zones (Occupation of Strategic Middle Eastern regions in aftermath of Resource Wars) Gray: British Exclusion Zone Dark Brown: Islamic States and Republics Beige: Neutral Black: Nuclear Wastelands (Resource War between Middle East and European Commonwealth; as well as, the European Commonwealth Civil War)"
giropay,Q290518,commons_depicts,Giropay Logo.svg,https://commons.wikimedia.org/wiki/File:Giropay_Logo.svg,https://upload.wikimedia.org/wikipedia/commons/d/d8/Giropay_Logo.svg,78b5fb30041f8277e9e8ca8fc75d58a47a72943e,1186390670,image/svg+xml,512,190,paydirekt GmbH,,Public domain,Public domain,,https://www.giropay.de/,false,Public domain,,The image shows the logo of the Giropay payment system.
