source_record_id,source_file,source_download_url,source_size_bytes,source_sha1,source_mtime,source_creator,source_license_url,source_rights,source_revision
cbs-2000-09,1999/Scans/CBS121999_Scans.7z,https://archive.org/download/cbs-2000-09/1999/Scans/CBS121999_Scans.7z,17131142,cad7f78a868bccb0add801efbc492edcd35f359e,1650622813,,,,1782472043
cbs-2000-09,2000/Scans/CBS022000_Scans.7z,https://archive.org/download/cbs-2000-09/2000/Scans/CBS022000_Scans.7z,17842541,5d585e658012db321c07feb4a92b26d5d51d228d,1650622678,,,,1782472043
cbs-2000-09,2000/Scans/CBS042000_Scans.7z,https://archive.org/download/cbs-2000-09/2000/Scans/CBS042000_Scans.7z,17115176,9a1359fceec74e6723831a509fe824b7ee4e7858,1650622723,,,,1782472043
cbs-2000-09,2000/Scans/CBS052000_Scans.7z,https://archive.org/download/cbs-2000-09/2000/Scans/CBS052000_Scans.7z,13518309,c6b548d4392eb80ca1332150c4de656ce05c16b2,1650622756,,,,1782472043
cbs-2000-09,2000/Scans/CBS062000_Scans.7z,https://archive.org/download/cbs-2000-09/2000/Scans/CBS062000_Scans.7z,17700489,4fd2472d0de42fe6a8aa7b641df1dbd83182330c,1650622793,,,,1782472043
cbs-2000-09,2000/Scans/CBS072000_Scans.7z,https://archive.org/download/cbs-2000-09/2000/Scans/CBS072000_Scans.7z,16006701,5af19d6a654e6b2cd4873aeb4d8358969cff629b,1650622773,,,,1782472043
cbs-2000-09,2000/Scans/CBS082000_Scans.7z,https://archive.org/download/cbs-2000-09/2000/Scans/CBS082000_Scans.7z,13594418,bffc0ca621175859793f855675f1905b5239179a,1650622639,,,,1782472043
cbs-2000-09,2000/Scans/CBS092000_Scans.7z,https://archive.org/download/cbs-2000-09/2000/Scans/CBS092000_Scans.7z,20920708,4677e7c91d224745bd8526b9079a6abcb7bc7af9,1648221969,,,,1782472043
cbs-2000-09,2000/Scans/CBS102000_Scans.7z,https://archive.org/download/cbs-2000-09/2000/Scans/CBS102000_Scans.7z,19646432,a4d52dfa29b519b8a30c1ebbd765f443ad9720a5,1648298093,,,,1782472043
cbs-2000-09,2000/Scans/CBS112000_Scans.7z,https://archive.org/download/cbs-2000-09/2000/Scans/CBS112000_Scans.7z,20856931,383a8a667ebd8054e61238998ab941fb04b3ecb9,1648298035,,,,1782472043
cbs-2000-09,2001/Scans/CBS012001_Scans.7z,https://archive.org/download/cbs-2000-09/2001/Scans/CBS012001_Scans.7z,19170948,924bee866e999b36b207ba84c42497d1ab51dde5,1648298118,,,,1782472043
cbs-2000-09,2001/Scans/CBS022001_Scans.7z,https://archive.org/download/cbs-2000-09/2001/Scans/CBS022001_Scans.7z,18183377,8e4d980444c57a96c51cdbdaea97de8938025770,1648298144,,,,1782472043
cbs-2000-09,2001/Scans/CBS032001_Scans.7z,https://archive.org/download/cbs-2000-09/2001/Scans/CBS032001_Scans.7z,13641521,ae7eacfabef082d7e02aefc62ba416b91f4d0c34,1656584711,,,,1782472043
cbs-2000-09,2001/Scans/CBS042001_Scans.7z,https://archive.org/download/cbs-2000-09/2001/Scans/CBS042001_Scans.7z,13515766,deb80425df9619d3f7162c85ee114617cf25720a,1656584810,,,,1782472043
cbs-2000-09,2001/Scans/CBS052001_Scans.7z,https://archive.org/download/cbs-2000-09/2001/Scans/CBS052001_Scans.7z,14228124,5471a9dc73e9c84107cbde1740de39f0e3fc511d,1656584898,,,,1782472043
cbs-2000-09,2001/Scans/CBS062001_Scans.7z,https://archive.org/download/cbs-2000-09/2001/Scans/CBS062001_Scans.7z,14631087,596accb53e0645d4e5cc4c59a9fa79cfdfad63d4,1656584983,,,,1782472043
cbs-2000-09,2001/Scans/CBS072001_Scans.7z,https://archive.org/download/cbs-2000-09/2001/Scans/CBS072001_Scans.7z,14847913,f139dcf9ed6d9b9fcf2ad00b0575157e230856cd,1656585075,,,,1782472043
cbs-2000-09,2001/Scans/CBS082001_Scans.7z,https://archive.org/download/cbs-2000-09/2001/Scans/CBS082001_Scans.7z,14550334,229b167d27e623bff8cc95273ad9cdc7e1826446,1656585186,,,,1782472043
cbs-2000-09,2001/Scans/CBS092001_Scans.7z,https://archive.org/download/cbs-2000-09/2001/Scans/CBS092001_Scans.7z,13995666,2151e808b20375e63a4e385a65e2e61b7a2d6171,1656585281,,,,1782472043
cbs-2000-09,2001/Scans/CBS102001_Scans.7z,https://archive.org/download/cbs-2000-09/2001/Scans/CBS102001_Scans.7z,19040901,73ddbc616be32b97aa15e8c30d60d876f9528b94,1648298339,,,,1782472043
cbs-2000-09,2001/Scans/CBS112001_Scans.7z,https://archive.org/download/cbs-2000-09/2001/Scans/CBS112001_Scans.7z,14443429,91c3e42ed9b88a3fd5d592293962d07f9919d5b3,1656585433,,,,1782472043
cbs-2000-09,2001/Scans/CBS122001_Scans.7z,https://archive.org/download/cbs-2000-09/2001/Scans/CBS122001_Scans.7z,12350920,bccebc4982601d66d1abffb34d905ac5f0b5a073,1656585518,,,,1782472043
cbs-2000-09,2002/Scans/CBS012002_Scans.7z,https://archive.org/download/cbs-2000-09/2002/Scans/CBS012002_Scans.7z,10014502,f1d670d346c5de89a85a425d7ed5d63adb7629f6,1656584577,,,,1782472043
cbs-2000-09,2002/Scans/CBS022002_Scans.7z,https://archive.org/download/cbs-2000-09/2002/Scans/CBS022002_Scans.7z,12854971,b732f9c1dfbb0247bad46cd8536337898569d802,1656584643,,,,1782472043
cbs-2000-09,2002/Scans/CBS032002_Scans.7z,https://archive.org/download/cbs-2000-09/2002/Scans/CBS032002_Scans.7z,12004814,be8713cc4542bcce6c2250a6907dc9d295cbdd88,1656584730,,,,1782472043
cbs-2000-09,2002/Scans/CBS042002_Scans.7z,https://archive.org/download/cbs-2000-09/2002/Scans/CBS042002_Scans.7z,13130204,fa4346121ecec765f100d961af42a7456e3693c4,1656584839,,,,1782472043
cbs-2000-09,2002/Scans/CBS052002_Scans.7z,https://archive.org/download/cbs-2000-09/2002/Scans/CBS052002_Scans.7z,13569865,3cf61c821eff28e54e3d7ccb6bf455f9f25c2258,1656584918,,,,1782472043
cbs-2000-09,2002/Scans/CBS072002_Scans.7z,https://archive.org/download/cbs-2000-09/2002/Scans/CBS072002_Scans.7z,10883393,ac1d2cfa92a36785e1c4c9492899fe86a9f15497,1656585088,,,,1782472043
cbs-2000-09,2002/Scans/CBS082002_Scans.7z,https://archive.org/download/cbs-2000-09/2002/Scans/CBS082002_Scans.7z,12076566,f6069195e5932c225ef1b4f3464ddc5f146ac360,1656585209,,,,1782472043
cbs-2000-09,2002/Scans/CBS092002_Scans.7z,https://archive.org/download/cbs-2000-09/2002/Scans/CBS092002_Scans.7z,12641063,4ccc5848881fd399a5c20c3ab32f162af6ac1885,1656585304,,,,1782472043
cbs-2000-09,2002/Scans/CBS102002_Scans.7z,https://archive.org/download/cbs-2000-09/2002/Scans/CBS102002_Scans.7z,9357095,8acd8714f43070ef2e908c603e071b8337f3dfe5,1656585387,,,,1782472043
cbs-2000-09,2002/Scans/CBS112002_Scans.7z,https://archive.org/download/cbs-2000-09/2002/Scans/CBS112002_Scans.7z,11818525,193d918d13e81452209e9158441af0b82d84464c,1656585449,,,,1782472043
cbs-2000-09,2002/Scans/CBS122002_Scans.7z,https://archive.org/download/cbs-2000-09/2002/Scans/CBS122002_Scans.7z,11503644,16360d7659b31acf893930c475bdfb2e612392c5,1656585533,,,,1782472043
cbs-2000-09,2003/Scans/CBS012003_Scans.7z,https://archive.org/download/cbs-2000-09/2003/Scans/CBS012003_Scans.7z,8442978,c3fcc729fe3307ae4c3c8d05036865a9d0c162a7,1656584590,,,,1782472043
cbs-2000-09,2003/Scans/CBS022003_Scans.7z,https://archive.org/download/cbs-2000-09/2003/Scans/CBS022003_Scans.7z,12963179,56a4e74c2d965ce3c29e8bc10bdf305dce9733c3,1656584660,,,,1782472043
cbs-2000-09,2003/Scans/CBS032003_Scans.7z,https://archive.org/download/cbs-2000-09/2003/Scans/CBS032003_Scans.7z,10369036,88e3b705d1109fae1c85cbfcf9a5376b3627e543,1656584747,,,,1782472043
cbs-2000-09,2003/Scans/CBS042003_Scans.7z,https://archive.org/download/cbs-2000-09/2003/Scans/CBS042003_Scans.7z,15607427,2a8d8a8888382115f0c896992ece84c56593f8c9,1656584865,,,,1782472043
cbs-2000-09,2003/Scans/CBS052003_Scans.7z,https://archive.org/download/cbs-2000-09/2003/Scans/CBS052003_Scans.7z,14631773,6f79a376da3ad2fdaa4e3608e02abe73164574d1,1656584930,,,,1782472043
cbs-2000-09,2003/Scans/CBS062003_Scans.7z,https://archive.org/download/cbs-2000-09/2003/Scans/CBS062003_Scans.7z,13150772,fb157a83e89898bc38f53a0202d51973c1ea7426,1656585032,,,,1782472043
cbs-2000-09,2003/Scans/CBS072003_Scans.7z,https://archive.org/download/cbs-2000-09/2003/Scans/CBS072003_Scans.7z,12851489,23cd7b7c592e6c2b2eb4073cdc61d8a7d32c9a0e,1656585106,,,,1782472043
cbs-2000-09,2003/Scans/CBS082003_Scans.7z,https://archive.org/download/cbs-2000-09/2003/Scans/CBS082003_Scans.7z,14779979,f750328417178c1f15b74d64edb7001de5926e85,1656585244,,,,1782472043
cbs-2000-09,2003/Scans/CBS092003_Scans.7z,https://archive.org/download/cbs-2000-09/2003/Scans/CBS092003_Scans.7z,14934227,9e0671bf0571b9412edaa184fd691b81ec833f68,1656585325,,,,1782472043
cbs-2000-09,2003/Scans/CBS102003_Scans.7z,https://archive.org/download/cbs-2000-09/2003/Scans/CBS102003_Scans.7z,13969584,6bf24519731c6bd63a76cefad2ce87bf46643fd3,1656585417,,,,1782472043
cbs-2000-09,2003/Scans/CBS112003_Scans.7z,https://archive.org/download/cbs-2000-09/2003/Scans/CBS112003_Scans.7z,14198684,42c9b203c1e879eace8b1adb08e96e684207a7cc,1656585476,,,,1782472043
cbs-2000-09,2003/Scans/CBS122003(1)_Scans.7z,https://archive.org/download/cbs-2000-09/2003/Scans/CBS122003%281%29_Scans.7z,14582327,e48b71d1369435ce7885ee76507a04471b6d5c18,1656585565,,,,1782472043
cbs-2000-09,2003/Scans/CBS122003(2)_Scans.7z,https://archive.org/download/cbs-2000-09/2003/Scans/CBS122003%282%29_Scans.7z,14746510,f93caf827105a2a61573431c5a137d223cf62acc,1656585585,,,,1782472043
cbs-2000-09,2004/Scans/CBS012004_Scans.7z,https://archive.org/download/cbs-2000-09/2004/Scans/CBS012004_Scans.7z,14372921,af754b97c00ed43ba394c57d35783b0e6be352f5,1656584624,,,,1782472043
cbs-2000-09,2004/Scans/CBS022004_Scans.7z,https://archive.org/download/cbs-2000-09/2004/Scans/CBS022004_Scans.7z,14875319,b07ca03447fe867cd580cea05ebf1f9714dc31e2,1656584686,,,,1782472043
cbs-2000-09,2004/Scans/CBS032004(1)_Scans.7z,https://archive.org/download/cbs-2000-09/2004/Scans/CBS032004%281%29_Scans.7z,14184170,0eae96333255785ae07535009bcb6c1a8b450d00,1656584763,,,,1782472043
cbs-2000-09,2004/Scans/CBS032004(2)_Scans.7z,https://archive.org/download/cbs-2000-09/2004/Scans/CBS032004%282%29_Scans.7z,13323489,ccb7f98e848491e32a7bfdf54365fd3417c84272,1656584791,,,,1782472043
cbs-2000-09,2004/Scans/CBS042004_Scans.7z,https://archive.org/download/cbs-2000-09/2004/Scans/CBS042004_Scans.7z,14067195,5db62aa575df6ba2c00072df2e3aa7472c0f2bc9,1656584883,,,,1782472043
cbs-2000-09,2004/Scans/CBS052004_Scans.7z,https://archive.org/download/cbs-2000-09/2004/Scans/CBS052004_Scans.7z,14406400,b904c7f1043d6cddf703c487a992d9d2baf44ca0,1656584957,,,,1782472043
cbs-2000-09,2004/Scans/CBS062004_Scans.7z,https://archive.org/download/cbs-2000-09/2004/Scans/CBS062004_Scans.7z,14597153,dea1aca0fe5e2b5c77e60094227db8fc6e11b244,1656585059,,,,1782472043
cbs-2000-09,2004/Scans/CBS072004(1)_Scans.7z,https://archive.org/download/cbs-2000-09/2004/Scans/CBS072004%281%29_Scans.7z,14682665,b4a1c9364f3925cf42cb317827d6cf8409221aa4,1656585143,,,,1782472043
cbs-2000-09,2004/Scans/CBS072004(2)_Scans.7z,https://archive.org/download/cbs-2000-09/2004/Scans/CBS072004%282%29_Scans.7z,14543456,b4c0423bb85858ff020bea086d906e17e08e1dd4,1656585168,,,,1782472043
cbs-2000-09,2004/Scans/CBS082004_Scans.7z,https://archive.org/download/cbs-2000-09/2004/Scans/CBS082004_Scans.7z,14659801,c59b9ca5962c80785cdc10a2417e6aa87fce69aa,1656585261,,,,1782472043
cbs-2000-09,2004/Scans/CBS092004DVD Scans.7z,https://archive.org/download/cbs-2000-09/2004/Scans/CBS092004DVD%20Scans.7z,13722455,a4e028b51d041c202673c508c38275a46524b4da,1656585343,,,,1782472043
cbs-2000-09,2004/Scans/CBS102004DVD_Scans.7z,https://archive.org/download/cbs-2000-09/2004/Scans/CBS102004DVD_Scans.7z,18458637,b8b3861cf22043066db970bbb3f9ea8d0ff6d21d,1650878021,,,,1782472043
cbs-2000-09,2004/Scans/CBS112004DVD_Scans.7z,https://archive.org/download/cbs-2000-09/2004/Scans/CBS112004DVD_Scans.7z,17725790,1e9f91ca2110a0aa235fb0ae43214f1dab1cc484,1650877936,,,,1782472043
cbs-2000-09,2004/Scans/CBS122004DVD_Scans.7z,https://archive.org/download/cbs-2000-09/2004/Scans/CBS122004DVD_Scans.7z,17742114,23f07e1fa4da7e4f9b4f4c59b1c0743fc7ba17a9,1650877958,,,,1782472043
cbs-2000-09,2005/Scans/CBS012005DVD_Scans.7z,https://archive.org/download/cbs-2000-09/2005/Scans/CBS012005DVD_Scans.7z,17999662,f4bc5fda033bbb9568bb75f8a3d9ca68c04766f4,1650877978,,,,1782472043
cbs-2000-09,2005/Scans/CBS022005DVD_Scans.7z,https://archive.org/download/cbs-2000-09/2005/Scans/CBS022005DVD_Scans.7z,18604442,b13997a6e43a3222fdf80ba61e0c049ff84edff8,1650878003,,,,1782472043
cbs-2000-09,2005/Scans/CBS032005DVD_scans.7z,https://archive.org/download/cbs-2000-09/2005/Scans/CBS032005DVD_scans.7z,17692778,e98093483d0ec6bac6909eef0e0f316373d8c0fd,1650878041,,,,1782472043
cbs-2000-09,2005/Scans/CBS042005DVD_Scans.7z,https://archive.org/download/cbs-2000-09/2005/Scans/CBS042005DVD_Scans.7z,18170193,a6e6316e404c1264880de65357b2d0ea4a8f2dcd,1650878060,,,,1782472043
cbs-2000-09,2005/Scans/CBS052005DVD_scans.7z,https://archive.org/download/cbs-2000-09/2005/Scans/CBS052005DVD_scans.7z,19546975,2cd6959edc90c925ee3fb6f3ba8e69f0b73fb4a0,1650878082,,,,1782472043
cbs-2000-09,2005/Scans/CBS062005DVD_scans.7z,https://archive.org/download/cbs-2000-09/2005/Scans/CBS062005DVD_scans.7z,18752916,75a62ffa431a48b1222f28c4e2a62663f0937398,1650878100,,,,1782472043
cbs-2000-09,2005/Scans/CBS072005DVD_Scans.7z,https://archive.org/download/cbs-2000-09/2005/Scans/CBS072005DVD_Scans.7z,19739077,10d96db2ee9a87201d80d9333977fa6732294744,1651231321,,,,1782472043
cbs-2000-09,2005/Scans/CBS082005DVD_Scans.7z,https://archive.org/download/cbs-2000-09/2005/Scans/CBS082005DVD_Scans.7z,20639305,bb09761a6f73ed1aafe3b7aca7d05876b58062a0,1651231355,,,,1782472043
cbs-2000-09,2005/Scans/CBS092005DVD_Scans.7z,https://archive.org/download/cbs-2000-09/2005/Scans/CBS092005DVD_Scans.7z,20634199,1f5c0d350d39e7dd168a2ef4da254f7de9b5552a,1651231384,,,,1782472043
cbs-2000-09,2005/Scans/CBS102005DVD_Scans.7z,https://archive.org/download/cbs-2000-09/2005/Scans/CBS102005DVD_Scans.7z,19279272,5ed73425f9c25dc1f657cc1c23e10cc12fb6cbab,1651231404,,,,1782472043
cbs-2000-09,2005/Scans/CBS112005DVD_Scans.7z,https://archive.org/download/cbs-2000-09/2005/Scans/CBS112005DVD_Scans.7z,20395711,d6b4510eadcd7546806f406a450e2a28811b9fc0,1651231431,,,,1782472043
cbs-2000-09,2005/Scans/CBS122005DVD_Scans.7z,https://archive.org/download/cbs-2000-09/2005/Scans/CBS122005DVD_Scans.7z,21366174,cdbef6ab9bc48ae28deebcf77bc377b7d134721f,1651231457,,,,1782472043
cbs-2000-09,2006/Scans/CBS012006DVD_Scan.7z,https://archive.org/download/cbs-2000-09/2006/Scans/CBS012006DVD_Scan.7z,17797010,0843c05ee34e7bf14bd283a36113364d38aa4ec1,1651670759,,,,1782472043
cbs-2000-09,2006/Scans/CBS022006DVD_Scan.7z,https://archive.org/download/cbs-2000-09/2006/Scans/CBS022006DVD_Scan.7z,20499748,443f28d88b8112466ccdd3cc9b5c43c434e77197,1651670798,,,,1782472043
cbs-2000-09,2006/Scans/CBS032006DVD_Scan.7z,https://archive.org/download/cbs-2000-09/2006/Scans/CBS032006DVD_Scan.7z,20019272,69ef71322e00de7523d3b9a15d5b5da26059e502,1651670821,,,,1782472043
cbs-2000-09,2006/Scans/CBS042006DVD_Scan.7z,https://archive.org/download/cbs-2000-09/2006/Scans/CBS042006DVD_Scan.7z,19304912,cbd2567be0b42f4287a84bf35f460695740fc8b2,1651670910,,,,1782472043
cbs-2000-09,2006/Scans/CBS052006DVD_Scan.7z,https://archive.org/download/cbs-2000-09/2006/Scans/CBS052006DVD_Scan.7z,19966440,4f62754a7317ffc6ccc233106eb96967ebcb6b99,1651670945,,,,1782472043
cbs-2000-09,2006/Scans/CBS062006DVD_Scan.7z,https://archive.org/download/cbs-2000-09/2006/Scans/CBS062006DVD_Scan.7z,19852822,b6c56170922902cf6b7f7f3b2c1fd4c1b833be9c,1651671001,,,,1782472043
cbs-2000-09,2006/Scans/CBS072006DVD_Scan.7z,https://archive.org/download/cbs-2000-09/2006/Scans/CBS072006DVD_Scan.7z,19048014,c45143dd71c2237231e0d2c26179a3370afeeddd,1651671021,,,,1782472043
cbs-2000-09,2006/Scans/CBS072006GoldDVD_Scan.7z,https://archive.org/download/cbs-2000-09/2006/Scans/CBS072006GoldDVD_Scan.7z,17624348,960d787de91ca05af1b6eff576ca3e10d8d2b0b3,1651671076,,,,1782472043
cbs-2000-09,2006/Scans/CBS082006DVD_Scan.7z,https://archive.org/download/cbs-2000-09/2006/Scans/CBS082006DVD_Scan.7z,18431178,034981c07c255b80c81de6eae607ae69aad30fbc,1651671104,,,,1782472043
cbs-2000-09,2006/Scans/CBS082006GoldDVD_Scan.7z,https://archive.org/download/cbs-2000-09/2006/Scans/CBS082006GoldDVD_Scan.7z,18616273,d84672cd5c5e0fc533cbb2d86f0b35d86d6cc9c9,1651671206,,,,1782472043
cbs-2000-09,2006/Scans/CBS092006DVD_Scan.7z,https://archive.org/download/cbs-2000-09/2006/Scans/CBS092006DVD_Scan.7z,19482877,c662701da375a211ca5b620e2e1c6063af5e9974,1651671252,,,,1782472043
cbs-2000-09,2006/Scans/CBS092006GoldDVD_Scan.7z,https://archive.org/download/cbs-2000-09/2006/Scans/CBS092006GoldDVD_Scan.7z,18941813,81cfb54edf8add7ee02101e480b62eea2f2a54e1,1651671311,,,,1782472043
cbs-2000-09,2006/Scans/CBS102006DVD_Scan.7z,https://archive.org/download/cbs-2000-09/2006/Scans/CBS102006DVD_Scan.7z,18309132,4be4f7f410fc7695b8ec2f8b60e94b2764ab675c,1651671348,,,,1782472043
cbs-2000-09,2006/Scans/CBS102006GoldDVD_Scan.7z,https://archive.org/download/cbs-2000-09/2006/Scans/CBS102006GoldDVD_Scan.7z,18513207,007a8a9878c1d303c33566b140a02903dc5b0ed0,1651671397,,,,1782472043
cbs-2000-09,2006/Scans/CBS112006DVD_Scan.7z,https://archive.org/download/cbs-2000-09/2006/Scans/CBS112006DVD_Scan.7z,18263816,20585c2f3098a066067271dc15060fea598c6272,1651671486,,,,1782472043
cbs-2000-09,2006/Scans/CBS122006DVD_Scan.7z,https://archive.org/download/cbs-2000-09/2006/Scans/CBS122006DVD_Scan.7z,19349969,730b3015a2f08821535d1c72f3f683c0fd88e33c,1651671576,,,,1782472043
cbs-2000-09,2006/Scans/CBS122006GoldDVD_Scan.7z,https://archive.org/download/cbs-2000-09/2006/Scans/CBS122006GoldDVD_Scan.7z,17066683,5865b2b329613e72c4f6f81c5479194aa7d7181d,1651671602,,,,1782472043
cbs-2000-09,2007/Scans/CBS01_07Gold_Scans.7z,https://archive.org/download/cbs-2000-09/2007/Scans/CBS01_07Gold_Scans.7z,18028312,c05e92bd8948a9055e6dae6e70641f0bb87d8a07,1652769237,,,,1782472043
cbs-2000-09,2007/Scans/CBS01_07_Scans.7z,https://archive.org/download/cbs-2000-09/2007/Scans/CBS01_07_Scans.7z,19083530,a695c5748e0467206b4ce1b518ce2ab7db3180ce,1652769250,,,,1782472043
cbs-2000-09,2007/Scans/CBS02_07Gold_Scans.7z,https://archive.org/download/cbs-2000-09/2007/Scans/CBS02_07Gold_Scans.7z,18496396,75b969bc98a3e36f221df5c6b19629160298d1aa,1652769265,,,,1782472043
cbs-2000-09,2007/Scans/CBS02_07_Scans.7z,https://archive.org/download/cbs-2000-09/2007/Scans/CBS02_07_Scans.7z,18099656,15f36f98cb4e4ef2f14b3182ebacded34763ada4,1652769279,,,,1782472043
cbs-2000-09,2007/Scans/CBS03_07Gold_Scans.7z,https://archive.org/download/cbs-2000-09/2007/Scans/CBS03_07Gold_Scans.7z,18615256,7a253bb766653570b1da0a1eacc83158afdb5629,1652769290,,,,1782472043
cbs-2000-09,2007/Scans/CBS03_07_Scans.7z,https://archive.org/download/cbs-2000-09/2007/Scans/CBS03_07_Scans.7z,17730380,5da8fcb6d3d3618a1d1883e38bfc5f3b0694e529,1652769305,,,,1782472043
cbs-2000-09,2007/Scans/CBS04_07Gold_Scans.7z,https://archive.org/download/cbs-2000-09/2007/Scans/CBS04_07Gold_Scans.7z,18640109,5cfa040dfe7a003f1e6b93993a0239b9e826d218,1652769320,,,,1782472043
cbs-2000-09,2007/Scans/CBS04_07_Scans.7z,https://archive.org/download/cbs-2000-09/2007/Scans/CBS04_07_Scans.7z,18132261,2122b162bd12a9efb862579155d69c36d5f7846b,1652769332,,,,1782472043
cbs-2000-09,2007/Scans/CBS05_07Gold_Scans.7z,https://archive.org/download/cbs-2000-09/2007/Scans/CBS05_07Gold_Scans.7z,16870196,a5b31708e0901ef7c4b667ee2ff2e744361698d3,1652769351,,,,1782472043
cbs-2000-09,2007/Scans/CBS05_07_Scans.7z,https://archive.org/download/cbs-2000-09/2007/Scans/CBS05_07_Scans.7z,18286550,0d770deffecbfd407eaa6ca66cb79cf24de49eaf,1652769363,,,,1782472043
cbs-2000-09,2007/Scans/CBS06_07Gold_Scans.7z,https://archive.org/download/cbs-2000-09/2007/Scans/CBS06_07Gold_Scans.7z,18396556,fdf8e65214a502ce9d2c1e57ebb1ad618d747853,1652769377,,,,1782472043
cbs-2000-09,2007/Scans/CBS06_07_Scans.7z,https://archive.org/download/cbs-2000-09/2007/Scans/CBS06_07_Scans.7z,16987657,d94f55681cedac2855693bb48f262afd7cecbe42,1652769386,,,,1782472043
cbs-2000-09,2007/Scans/CBS07_07Gold_Scans.7z,https://archive.org/download/cbs-2000-09/2007/Scans/CBS07_07Gold_Scans.7z,17925298,fb3e8d5e7de5da05014fce7f65bfff61369a7899,1652769403,,,,1782472043
cbs-2000-09,2007/Scans/CBS07_2007_2_Scans.7z,https://archive.org/download/cbs-2000-09/2007/Scans/CBS07_2007_2_Scans.7z,20374625,3280fee7ed69ad27f9feea196f937962f7a1bf28,1652769414,,,,1782472043
cbs-2000-09,2007/Scans/CBS08_07Bonus_Scans.7z,https://archive.org/download/cbs-2000-09/2007/Scans/CBS08_07Bonus_Scans.7z,18999537,d02eeaf626c0acfde85eb49f93acedbea3e4461a,1652769427,,,,1782472043
cbs-2000-09,2007/Scans/CBS08_07Gold_Scans.7z,https://archive.org/download/cbs-2000-09/2007/Scans/CBS08_07Gold_Scans.7z,17753572,79172df3fc95e718a7589af412c4b04ed6298648,1652769446,,,,1782472043
cbs-2000-09,2007/Scans/CBS08_07_Scans.7z,https://archive.org/download/cbs-2000-09/2007/Scans/CBS08_07_Scans.7z,19926903,e84828f2957cd306c4980a9f7b4f1c56d28bf576,1652769493,,,,1782472043
cbs-2000-09,2007/Scans/CBS09_07Gold_Scans.7z,https://archive.org/download/cbs-2000-09/2007/Scans/CBS09_07Gold_Scans.7z,16680098,e1046c9ed836b09d789158fba6029a952bd2e9af,1652769524,,,,1782472043
cbs-2000-09,2007/Scans/CBS09_07_Scans.7z,https://archive.org/download/cbs-2000-09/2007/Scans/CBS09_07_Scans.7z,19569028,60e3cd9bbb1448460a8a65a75ee5ba21052eea91,1652769569,,,,1782472043
cbs-2000-09,2007/Scans/CBS10_07Gold_Scans.7z,https://archive.org/download/cbs-2000-09/2007/Scans/CBS10_07Gold_Scans.7z,16053327,906431dc25f3b988853da10adc90ec171e1f9de4,1652769597,,,,1782472043
cbs-2000-09,2007/Scans/CBS10_07_Scans.7z,https://archive.org/download/cbs-2000-09/2007/Scans/CBS10_07_Scans.7z,19817741,ad973c05ca46926efb73d4251222177ea5833d59,1652769647,,,,1782472043
cbs-2000-09,2007/Scans/CBS11_07Gold_Scans.7z,https://archive.org/download/cbs-2000-09/2007/Scans/CBS11_07Gold_Scans.7z,18597263,06ee8d20e9874bae738c7ad6822b7025291bbf24,1652769681,,,,1782472043
cbs-2000-09,2007/Scans/CBS11_07_Scans.7z,https://archive.org/download/cbs-2000-09/2007/Scans/CBS11_07_Scans.7z,19878316,efe48b412d8521d592d127ea143c49c00199bbb4,1652769716,,,,1782472043
cbs-2000-09,2007/Scans/CBS12_07Gold_Scans.7z,https://archive.org/download/cbs-2000-09/2007/Scans/CBS12_07Gold_Scans.7z,18270830,2fe8f4bc3fb5e31373ba79a3e1f78a9f10bc7bc2,1652769761,,,,1782472043
cbs-2000-09,2007/Scans/CBS12_07_Scans.7z,https://archive.org/download/cbs-2000-09/2007/Scans/CBS12_07_Scans.7z,19186505,2257721c3673fd56226cc29185d8520d69ff13e5,1652769840,,,,1782472043
cbs-2000-09,2008/Scans/CBS01_08Gold_Scans.7z,https://archive.org/download/cbs-2000-09/2008/Scans/CBS01_08Gold_Scans.7z,18739856,b3ba2f6d19185921dd2704c91dcdaab1193ac314,1652927513,,,,1782472043
cbs-2000-09,2008/Scans/CBS01_08_Scans.7z,https://archive.org/download/cbs-2000-09/2008/Scans/CBS01_08_Scans.7z,19360030,9dc816bf2314257384c43320129fb34f192341cc,1652927527,,,,1782472043
cbs-2000-09,2008/Scans/CBS02_08Gold_Scans.7z,https://archive.org/download/cbs-2000-09/2008/Scans/CBS02_08Gold_Scans.7z,18524989,796fa45262afd9891f69ee151c05ee01c9084d33,1652927539,,,,1782472043
cbs-2000-09,2008/Scans/CBS02_08_Scans.7z,https://archive.org/download/cbs-2000-09/2008/Scans/CBS02_08_Scans.7z,18984688,2ccad9bf4a42be470477c22126fe3f86b003dc80,1652927554,,,,1782472043
cbs-2000-09,2008/Scans/CBS03_08Gold_Scans.7z,https://archive.org/download/cbs-2000-09/2008/Scans/CBS03_08Gold_Scans.7z,16279508,9a036e7e78fd204474050fbb2283ddb1825fb8ef,1652927566,,,,1782472043
cbs-2000-09,2008/Scans/CBS03_08_Scans.7z,https://archive.org/download/cbs-2000-09/2008/Scans/CBS03_08_Scans.7z,17148709,b3be32168425413fa9aba2016c87271b4aa85420,1652927583,,,,1782472043
cbs-2000-09,2008/Scans/CBS04_08Gold_Scans.7z,https://archive.org/download/cbs-2000-09/2008/Scans/CBS04_08Gold_Scans.7z,17968024,cf8ca2380ba00ff5c1695cf9bb5a71ceabe3bfa7,1652927594,,,,1782472043
cbs-2000-09,2008/Scans/CBS04_08_Scans.7z,https://archive.org/download/cbs-2000-09/2008/Scans/CBS04_08_Scans.7z,18242514,9af69f90d3034cf5290d5672bc8c8e64ad22df45,1652927615,,,,1782472043
cbs-2000-09,2008/Scans/CBS05_08Gold_Scans.7z,https://archive.org/download/cbs-2000-09/2008/Scans/CBS05_08Gold_Scans.7z,16566565,4c45ee8ef8b9fc490128229bcf7dc878d46019c2,1652927635,,,,1782472043
cbs-2000-09,2008/Scans/CBS05_08_Scans.7z,https://archive.org/download/cbs-2000-09/2008/Scans/CBS05_08_Scans.7z,16961680,febd7dfdd42687fc0b29ea20d9dd9a6351ff19f5,1652927661,,,,1782472043
cbs-2000-09,2008/Scans/CBS06_08Gold_Scans.7z,https://archive.org/download/cbs-2000-09/2008/Scans/CBS06_08Gold_Scans.7z,16748375,ceafaa34077357ba18be4ea0f76793f7da76535a,1652927670,,,,1782472043
cbs-2000-09,2008/Scans/CBS06_08_Scans.7z,https://archive.org/download/cbs-2000-09/2008/Scans/CBS06_08_Scans.7z,19145611,ab0411a4382169ce397d5ea5d0679e68853c293f,1652927685,,,,1782472043
cbs-2000-09,2008/Scans/CBS07_08Gold_Scans.7z,https://archive.org/download/cbs-2000-09/2008/Scans/CBS07_08Gold_Scans.7z,16741427,814e14913cbe49102b0f22569de17f25ae092bbd,1652927695,,,,1782472043
cbs-2000-09,2008/Scans/CBS07_08_Scans.7z,https://archive.org/download/cbs-2000-09/2008/Scans/CBS07_08_Scans.7z,18254857,b4f41f3ef9abea9a81b237e2e1b7ac9d37d7561e,1652927707,,,,1782472043
cbs-2000-09,2008/Scans/CBS08_08Gold_Scans.7z,https://archive.org/download/cbs-2000-09/2008/Scans/CBS08_08Gold_Scans.7z,16861995,30ecfb92bc8d0b4f0eca18c99dbf84afbe7db041,1652927720,,,,1782472043
cbs-2000-09,2008/Scans/CBS08_08_Scans.7z,https://archive.org/download/cbs-2000-09/2008/Scans/CBS08_08_Scans.7z,18641193,a61e1c48e4263381ab387d3f4dbc3a999f47758c,1652927730,,,,1782472043
cbs-2000-09,2008/Scans/CBS09_08Gold_Scans.7z,https://archive.org/download/cbs-2000-09/2008/Scans/CBS09_08Gold_Scans.7z,16531573,8983107a8903f1dca83f835657cd5ff3a13e0cda,1652927741,,,,1782472043
cbs-2000-09,2008/Scans/CBS09_08_Scans.7z,https://archive.org/download/cbs-2000-09/2008/Scans/CBS09_08_Scans.7z,17715709,03c7bf85f9cb0623a90a0ad8d2ca0ce1eafdf30f,1652927755,,,,1782472043
cbs-2000-09,2008/Scans/CBS10_08Gold_Scans.7z,https://archive.org/download/cbs-2000-09/2008/Scans/CBS10_08Gold_Scans.7z,16719111,48709a888ead2689a922b5e19bba8b0f6123623d,1653423097,,,,1782472043
cbs-2000-09,2008/Scans/CBS10_08_Scans.7z,https://archive.org/download/cbs-2000-09/2008/Scans/CBS10_08_Scans.7z,17449244,0069bd29ba2739d05b44d40a9c3631d774106706,1653423214,,,,1782472043
cbs-2000-09,2008/Scans/CBS11_08Gold_Scans.7z,https://archive.org/download/cbs-2000-09/2008/Scans/CBS11_08Gold_Scans.7z,16624314,3af5ca1459410decc558456b4abcd5dbc427e981,1653423316,,,,1782472043
cbs-2000-09,2008/Scans/CBS11_08_Scans.7z,https://archive.org/download/cbs-2000-09/2008/Scans/CBS11_08_Scans.7z,18037979,54c6cb9db5cdbf1207ec72491a1708636e1c9dcc,1653423463,,,,1782472043
cbs-2000-09,2008/Scans/CBS12_08Gold_Scans.7z,https://archive.org/download/cbs-2000-09/2008/Scans/CBS12_08Gold_Scans.7z,17494692,e00516ebd0ea09d637eb44bfac126b37bdf14ebb,1653423516,,,,1782472043
cbs-2000-09,2008/Scans/CBS12_08_Scans.7z,https://archive.org/download/cbs-2000-09/2008/Scans/CBS12_08_Scans.7z,17083594,677dae72e32248d77475c431abc04cab4389fd02,1653423647,,,,1782472043
cbs-2000-09,2009/Scans/CBS0109Gold_Scans.7z,https://archive.org/download/cbs-2000-09/2009/Scans/CBS0109Gold_Scans.7z,17520090,64a01692095c20bec8c3fb4274465cb678aff6ac,1654028102,,,,1782472043
cbs-2000-09,2009/Scans/CBS0109SH_Scans.7z,https://archive.org/download/cbs-2000-09/2009/Scans/CBS0109SH_Scans.7z,17618801,5d5feb81707bf3c94d98a00eea1e7bd22065b08a,1654028182,,,,1782472043
cbs-2000-09,2009/Scans/CBS0109_Scans.7z,https://archive.org/download/cbs-2000-09/2009/Scans/CBS0109_Scans.7z,17735693,9d14e74fe2e5879e51db45bcf4e23aa3fea743b4,1654028244,,,,1782472043
cbs-2000-09,2009/Scans/CBS0209Gold_Scans.7z,https://archive.org/download/cbs-2000-09/2009/Scans/CBS0209Gold_Scans.7z,17459872,0435c1b883f5f0d016fa71bbc7c41f9e91d3961b,1654028295,,,,1782472043
cbs-2000-09,2009/Scans/CBS0209_Scans.7z,https://archive.org/download/cbs-2000-09/2009/Scans/CBS0209_Scans.7z,17434994,2f3703b9db75d4b51cde60839d244cca7eee51e8,1654028321,,,,1782472043
cbs-2000-09,2009/Scans/CBS0309Gold_Scans.7z,https://archive.org/download/cbs-2000-09/2009/Scans/CBS0309Gold_Scans.7z,16539420,f9eb4c10a687d2f2d1846f5c069c5386c5413c7a,1654028353,,,,1782472043
cbs-2000-09,2009/Scans/CBS0309_Scans.7z,https://archive.org/download/cbs-2000-09/2009/Scans/CBS0309_Scans.7z,17813443,e545dae7af868bfcc3d5a8177d8058ef7b593b10,1654028392,,,,1782472043
cbs-2000-09,2009/Scans/CBS0409Gold_Scans.7z,https://archive.org/download/cbs-2000-09/2009/Scans/CBS0409Gold_Scans.7z,17076924,ee44584f6be77805f67bc111837d96906bd757eb,1654028436,,,,1782472043
cbs-2000-09,2009/Scans/CBS0409_Scans.7z,https://archive.org/download/cbs-2000-09/2009/Scans/CBS0409_Scans.7z,17140909,973f0f25324eb12f260155d06d3d405f31287a96,1654028519,,,,1782472043
cbs-2000-09,2009/Scans/CBS0509Gold_Scans.7z,https://archive.org/download/cbs-2000-09/2009/Scans/CBS0509Gold_Scans.7z,17612726,49293f0e42ca79e5f439d38bab174e767540004d,1654028530,,,,1782472043
cbs-2000-09,2009/Scans/CBS0509_Scans.7z,https://archive.org/download/cbs-2000-09/2009/Scans/CBS0509_Scans.7z,19432959,94620c9d9e21e37c74fae21da805bd228e11b875,1654028576,,,,1782472043
cbs-2000-09,2009/Scans/CBS0609Gold_Scans.7z,https://archive.org/download/cbs-2000-09/2009/Scans/CBS0609Gold_Scans.7z,18222284,5eff672ef2986346ca8cd359652896f0761bb6fe,1654028609,,,,1782472043
cbs-2000-09,2009/Scans/CBS0609_Scans.7z,https://archive.org/download/cbs-2000-09/2009/Scans/CBS0609_Scans.7z,17242856,9d1d6369da851b1f5b12ad5891c8a8190a2172c8,1654028639,,,,1782472043
cbs-2000-09,2009/Scans/CBS0709Gold_Scans.7z,https://archive.org/download/cbs-2000-09/2009/Scans/CBS0709Gold_Scans.7z,15910191,7f5316f99a94586f482b806988bbddde75877298,1654028722,,,,1782472043
cbs-2000-09,2009/Scans/CBS0709_Scans.7z,https://archive.org/download/cbs-2000-09/2009/Scans/CBS0709_Scans.7z,17833590,343d7f5b8534ba409db75b5b414292c8ef6af715,1654028796,,,,1782472043
cbs-2000-09,2009/Scans/CBS0809_Scans.7z,https://archive.org/download/cbs-2000-09/2009/Scans/CBS0809_Scans.7z,18267234,b591befd44c1b4b611ddc996bf801d2f8e491d8a,1654028923,,,,1782472043
cbs-2000-09,2009/Scans/CBS0909Gold_Scans.7z,https://archive.org/download/cbs-2000-09/2009/Scans/CBS0909Gold_Scans.7z,17761552,b0581a7f8823f1223004b0cc918b4c8df1d1a06b,1654028995,,,,1782472043
cbs-2000-09,2009/Scans/CBS0909_Scans.7z,https://archive.org/download/cbs-2000-09/2009/Scans/CBS0909_Scans.7z,17763466,a13bf54c7f11017f5c6e08067227c721e665b263,1654029025,,,,1782472043
cbs-2000-09,2009/Scans/CBS1009Gold_Scans.7z,https://archive.org/download/cbs-2000-09/2009/Scans/CBS1009Gold_Scans.7z,18002059,fab5404f46154f31eef322d4fa4e1abf6ad3d6ff,1654029120,,,,1782472043
cbs-2000-09,2009/Scans/CBS1009_Scans.7z,https://archive.org/download/cbs-2000-09/2009/Scans/CBS1009_Scans.7z,19186799,ebcb8f03c46733b8c447a58998d6f976470d0dd4,1654029185,,,,1782472043
cbs-2000-09,2009/Scans/CBS1109Gold_Scans.7z,https://archive.org/download/cbs-2000-09/2009/Scans/CBS1109Gold_Scans.7z,19025649,dbdfcb0d69bc9bac8ceba7d7a10873e304784e03,1654029261,,,,1782472043
cbs-2000-09,2009/Scans/CBS1109_Scans.7z,https://archive.org/download/cbs-2000-09/2009/Scans/CBS1109_Scans.7z,17644528,321b09343129446df60a07c9e47c80ee3d42a4b0,1654029344,,,,1782472043
cbs-2000-09,2010/Scans/CBS0110_Scans.7z,https://archive.org/download/cbs-2000-09/2010/Scans/CBS0110_Scans.7z,18875961,0ee0e5f87b693243994e0dfc6a410eaac30e067b,1655480702,,,,1782472043
cbs-2000-09,2010/Scans/CBS0210Gold_Scans.7z,https://archive.org/download/cbs-2000-09/2010/Scans/CBS0210Gold_Scans.7z,19236092,cc6b754ad1f178b10a1ebe770a47ea5cdfd07682,1655480717,,,,1782472043
cbs-2000-09,2010/Scans/CBS0310Gold_Scans.7z,https://archive.org/download/cbs-2000-09/2010/Scans/CBS0310Gold_Scans.7z,18852604,4aae92f9751f179a434de1f8754514a1175eb78c,1655480745,,,,1782472043
cbs-2000-09,2010/Scans/CBS0510Gold_Scans.7z,https://archive.org/download/cbs-2000-09/2010/Scans/CBS0510Gold_Scans.7z,19263117,b2665e5164f292639f6f6b8c90e087e645b1ccca,1655480799,,,,1782472043
cbs-2000-09,2010/Scans/CBS0710_Scans.7z,https://archive.org/download/cbs-2000-09/2010/Scans/CBS0710_Scans.7z,18087345,1ffce943ccd0639d3e5daa17b0cd52047a4d3514,1655480859,,,,1782472043
cbs-2000-09,2010/Scans/CBS1210Gold_Scans.7z,https://archive.org/download/cbs-2000-09/2010/Scans/CBS1210Gold_Scans.7z,20180208,91e6ef39221af1f9b59ee1e8db2b7b27c1a22ed2,1655480965,,,,1782472043
cbs-2000-09,2010/Scans/CBS1210_Scans.7z,https://archive.org/download/cbs-2000-09/2010/Scans/CBS1210_Scans.7z,19746384,3af08c41fabd2a4a5acce0e188661864cea186fd,1655480982,,,,1782472043
