subject_type,subject_id,candidate_count,selected_source_file,review_status,review_reason
game,187rideordie,0,,unavailable,no_cover_candidate
game,actofwardirectaction,0,,unavailable,no_cover_candidate
game,actofwarhightreason,0,,unavailable,no_cover_candidate
game,adrenalinextremeshow,0,,unavailable,no_cover_candidate
game,agathachristie,0,,unavailable,no_cover_candidate
game,ageofpiratescaribbeantales,0,,unavailable,no_cover_candidate
game,ancientwarssparta,0,,unavailable,no_cover_candidate
game,andyetitmoves,1,And Yet It Moves title.png,rejected,title_art
game,ankhherzdesosiris,0,,unavailable,no_cover_candidate
game,anstoss3,0,,unavailable,no_cover_candidate
game,anstossaction,0,,unavailable,no_cover_candidate
game,aquanox2,0,,unavailable,no_cover_candidate
game,arma2,0,,unavailable,no_cover_candidate
game,armagetronadvanced,1,Armagetron.jpg,rejected,gameplay_screenshot
game,armiesofexigo,0,,unavailable,no_cover_candidate
game,asghan,0,,unavailable,no_cover_candidate
game,assassinscreed,10,,unavailable,no_cover_candidate
game,attackonpearlharbor,0,,unavailable,no_cover_candidate
game,battlefieldvietnam,0,,unavailable,no_cover_candidate
game,clonkplanet,0,,unavailable,no_cover_candidate
game,clusterball,0,,unavailable,no_cover_candidate
game,codenamepanzers,0,,unavailable,no_cover_candidate
game,codenamepanzerscoldwar,0,,unavailable,no_cover_candidate
game,codenamepanzersphase2,0,,unavailable,no_cover_candidate
game,coldwar,0,,unavailable,no_cover_candidate
game,commandoshinterfeindlichenlinien,1,,unavailable,no_cover_candidate
game,commandosstrikeforce,0,,unavailable,no_cover_candidate
game,conflictdesertstorm,0,,unavailable,no_cover_candidate
game,conflictglobalstorm,0,,unavailable,no_cover_candidate
game,conflictvietnam,0,,unavailable,no_cover_candidate
game,cosmicfamily,0,,unavailable,no_cover_candidate
game,cossacks2,0,,unavailable,no_cover_candidate
game,cossackseuropeanwars,1,3 cossacks european wars.JPG,rejected,gameplay_screenshot
game,crashday,0,,unavailable,no_cover_candidate
game,crazymachines2,0,,unavailable,no_cover_candidate
game,creatureconflict,0,,unavailable,no_cover_candidate
game,crossracingchampionship,0,,unavailable,no_cover_candidate
game,daemonica,0,,unavailable,no_cover_candidate
game,darkhorizon,0,,unavailable,no_cover_candidate
game,darkprojectdermeisterdieb,0,,unavailable,no_cover_candidate
game,darkstarone,0,,unavailable,no_cover_candidate
game,daseulembergexperiment,0,,unavailable,no_cover_candidate
game,deadoralive4,0,,unavailable,no_cover_candidate
game,deadreefs,0,,unavailable,no_cover_candidate
game,deltaforcextreme,0,,unavailable,no_cover_candidate
game,derherrderringe,0,,unavailable,no_cover_candidate
game,derherrderringedieschlachtummittelerde2,0,,unavailable,no_cover_candidate
game,enemyterritoryquakewars,0,,unavailable,no_cover_candidate
game,enthusiapro,0,,unavailable,no_cover_candidate
game,eragon,0,,unavailable,no_cover_candidate
game,eurofightertyphoon,0,,unavailable,no_cover_candidate
game,europaraser,0,,unavailable,no_cover_candidate
game,europauniversalisrome,0,,unavailable,no_cover_candidate
game,evochronalliance,0,,unavailable,no_cover_candidate
game,evolutiongt,0,,unavailable,no_cover_candidate
game,experience112,0,,unavailable,no_cover_candidate
game,extremetuxracer,0,,unavailable,no_cover_candidate
game,falafelking,0,,unavailable,no_cover_candidate
game,fallout3,2,Fallout 3 cover (cropped).png,approved,exact_cover_art
game,farcryinstincts,0,,unavailable,no_cover_candidate
game,fieldops,0,,unavailable,no_cover_candidate
game,fiestaonline,0,,unavailable,no_cover_candidate
game,fightnightround3,0,,unavailable,no_cover_candidate
game,firedepartment2,0,,unavailable,no_cover_candidate
game,fordracing3,0,,unavailable,no_cover_candidate
game,freakoutextremefreeride,0,,unavailable,no_cover_candidate
game,freespace,0,,unavailable,no_cover_candidate
game,fullspectrumwarriortenhammers,0,,unavailable,no_cover_candidate
game,gangsters,0,,unavailable,no_cover_candidate
game,geheimaktetunguska,0,,unavailable,no_cover_candidate
game,genesisrisingtheuniversalcrusade,0,,unavailable,no_cover_candidate
game,giropay,1,,unavailable,no_cover_candidate
game,goindowntown,0,,unavailable,no_cover_candidate
game,highlandwarriors,0,,unavailable,no_cover_candidate
game,hollywoodpictures,0,,unavailable,no_cover_candidate
game,icewinddale2,0,,unavailable,no_cover_candidate
game,icytower,0,,unavailable,no_cover_candidate
game,imperialglory,0,,unavailable,no_cover_candidate
game,jacked,0,,unavailable,no_cover_candidate
game,jadeempire,0,,unavailable,no_cover_candidate
game,johnwoopresentsstranglehold,0,,unavailable,no_cover_candidate
game,jointtaskforce,0,,unavailable,no_cover_candidate
game,juicedhotimportnights,0,,unavailable,no_cover_candidate
game,jumper,0,,unavailable,no_cover_candidate
game,kaffeeklatsch,0,,unavailable,no_cover_candidate
game,kameoelementsofpower,0,,unavailable,no_cover_candidate
game,kaothekangarooround2,0,,unavailable,no_cover_candidate
game,keepsake,0,,unavailable,no_cover_candidate
game,kingdomelemental,0,,unavailable,no_cover_candidate
game,kingsbountythelegend,0,,unavailable,no_cover_candidate
game,kingsquest7,0,,unavailable,no_cover_candidate
game,kinomogul,0,,unavailable,no_cover_candidate
game,knightshift,0,,unavailable,no_cover_candidate
game,knightsofhonor,0,,unavailable,no_cover_candidate
game,knightsoftheoldrepublic2,0,,unavailable,no_cover_candidate
game,starwarsrepubliccom,0,,unavailable,no_cover_candidate
game,starwolves2,0,,unavailable,no_cover_candidate
game,stolen,0,,unavailable,no_cover_candidate
game,strategiccommand,0,,unavailable,no_cover_candidate
game,stronghold2,0,,unavailable,no_cover_candidate
game,strongholdcrusaderextreme,0,,unavailable,no_cover_candidate
game,stuntmanignition,0,,unavailable,no_cover_candidate
game,suddenstrike2,0,,unavailable,no_cover_candidate
game,sudeki,0,,unavailable,no_cover_candidate
game,supremecommander,0,,unavailable,no_cover_candidate
game,swat4,0,,unavailable,no_cover_candidate
game,tabularasa,0,,unavailable,no_cover_candidate
game,tarrchronicles,0,,unavailable,no_cover_candidate
game,testdriveunlimited,0,,unavailable,no_cover_candidate
game,thechroniclesofriddick,0,,unavailable,no_cover_candidate
game,thefalllastdaysofgaia,0,,unavailable,no_cover_candidate
game,thelastremnant,0,,unavailable,no_cover_candidate
game,thematrixonline,0,,unavailable,no_cover_candidate
game,themomentofsilence,0,,unavailable,no_cover_candidate
game,themovies,0,,unavailable,no_cover_candidate
game,theoutfit,0,,unavailable,no_cover_candidate
game,thepartners,0,,unavailable,no_cover_candidate
game,theregiment,0,,unavailable,no_cover_candidate
game,thewheelman,0,,unavailable,no_cover_candidate
game,thunderbrigade,0,,unavailable,no_cover_candidate
game,titanquestimmortalthrone,0,,unavailable,no_cover_candidate
issue,CBS012001,1,2001/Scans/CBS012001_Scans.7z,approved,disc_face_scan
issue,CBS012002,1,2002/Scans/CBS012002_Scans.7z,approved,disc_face_scan
issue,CBS012003,1,2003/Scans/CBS012003_Scans.7z,approved,disc_face_scan
issue,CBS012004,1,2004/Scans/CBS012004_Scans.7z,approved,disc_face_scan
issue,CBS012005DVD,1,2005/Scans/CBS012005DVD_Scans.7z,approved,disc_face_scan
issue,CBS012006DVD,1,2006/Scans/CBS012006DVD_Scan.7z,approved,disc_face_scan
issue,CBS012007DVD,1,2007/Scans/CBS01_07_Scans.7z,approved,disc_face_scan
issue,CBS012007DVDGOLD,1,2007/Scans/CBS01_07Gold_Scans.7z,approved,disc_face_scan
issue,CBS012008DVD,1,2008/Scans/CBS01_08_Scans.7z,approved,disc_face_scan
issue,CBS012008DVDGold,1,2008/Scans/CBS01_08Gold_Scans.7z,approved,disc_face_scan
issue,CBS012008DVDSonder,0,,unavailable,no_corresponding_scan
issue,CBS012009DVD,1,2009/Scans/CBS0109_Scans.7z,approved,disc_face_scan
issue,CBS012009DVDGold,1,2009/Scans/CBS0109Gold_Scans.7z,approved,disc_face_scan
issue,CBS012009DVDSonder,1,2009/Scans/CBS0109SH_Scans.7z,approved,disc_face_scan
issue,CBS012010DVD,1,2010/Scans/CBS0110_Scans.7z,approved,disc_face_scan
issue,CBS022000,1,2000/Scans/CBS022000_Scans.7z,approved,disc_face_scan
issue,CBS022001,1,2001/Scans/CBS022001_Scans.7z,approved,disc_face_scan
issue,CBS022002,1,2002/Scans/CBS022002_Scans.7z,approved,disc_face_scan
issue,CBS022003,1,2003/Scans/CBS022003_Scans.7z,approved,disc_face_scan
issue,CBS022004,1,2004/Scans/CBS022004_Scans.7z,approved,disc_face_scan
issue,CBS022005DVD,1,2005/Scans/CBS022005DVD_Scans.7z,approved,disc_face_scan
issue,CBS022006DVD,1,2006/Scans/CBS022006DVD_Scan.7z,approved,disc_face_scan
issue,CBS022007DVD,1,2007/Scans/CBS02_07_Scans.7z,approved,disc_face_scan
issue,CBS022007DVDGOLD,1,2007/Scans/CBS02_07Gold_Scans.7z,approved,disc_face_scan
issue,CBS022008DVD,1,2008/Scans/CBS02_08_Scans.7z,approved,disc_face_scan
issue,CBS022008DVDGold,1,2008/Scans/CBS02_08Gold_Scans.7z,approved,disc_face_scan
issue,CBS022009DVD,1,2009/Scans/CBS0209_Scans.7z,approved,disc_face_scan
issue,CBS022009DVDGold,1,2009/Scans/CBS0209Gold_Scans.7z,approved,disc_face_scan
issue,CBS022010DVDGold,1,2010/Scans/CBS0210Gold_Scans.7z,approved,disc_face_scan
issue,CBS032001,1,2001/Scans/CBS032001_Scans.7z,approved,disc_face_scan
issue,CBS032002,1,2002/Scans/CBS032002_Scans.7z,approved,disc_face_scan
issue,CBS032003,1,2003/Scans/CBS032003_Scans.7z,approved,disc_face_scan
issue,CBS032004 (CD1),1,2004/Scans/CBS032004(1)_Scans.7z,approved,disc_face_scan
issue,CBS032004 (CD2),1,2004/Scans/CBS032004(2)_Scans.7z,approved,disc_face_scan
issue,CBS032005DVD,1,2005/Scans/CBS032005DVD_scans.7z,approved,disc_face_scan
issue,CBS032006DVD,1,2006/Scans/CBS032006DVD_Scan.7z,approved,disc_face_scan
issue,CBS032007DVD,1,2007/Scans/CBS03_07_Scans.7z,approved,disc_face_scan
issue,CBS032007DVDGold,1,2007/Scans/CBS03_07Gold_Scans.7z,approved,disc_face_scan
issue,CBS032008DVD,1,2008/Scans/CBS03_08_Scans.7z,approved,disc_face_scan
issue,CBS032008DVDGold,1,2008/Scans/CBS03_08Gold_Scans.7z,approved,disc_face_scan
issue,CBS032009DVD,1,2009/Scans/CBS0309_Scans.7z,approved,disc_face_scan
issue,CBS032009DVDGold,1,2009/Scans/CBS0309Gold_Scans.7z,approved,disc_face_scan
issue,CBS032010DVDGold,1,2010/Scans/CBS0310Gold_Scans.7z,approved,disc_face_scan
issue,CBS042000,1,2000/Scans/CBS042000_Scans.7z,approved,disc_face_scan
issue,CBS042001,1,2001/Scans/CBS042001_Scans.7z,approved,disc_face_scan
issue,CBS042002,1,2002/Scans/CBS042002_Scans.7z,approved,disc_face_scan
issue,CBS042003,1,2003/Scans/CBS042003_Scans.7z,approved,disc_face_scan
issue,CBS042004,1,2004/Scans/CBS042004_Scans.7z,approved,disc_face_scan
issue,CBS042005DVD,1,2005/Scans/CBS042005DVD_Scans.7z,approved,disc_face_scan
issue,CBS042006DVD,1,2006/Scans/CBS042006DVD_Scan.7z,approved,disc_face_scan
issue,CBS042007DVD,1,2007/Scans/CBS04_07_Scans.7z,approved,disc_face_scan
issue,CBS042007DVDGold,1,2007/Scans/CBS04_07Gold_Scans.7z,approved,disc_face_scan
issue,CBS042008DVD,1,2008/Scans/CBS04_08_Scans.7z,approved,disc_face_scan
issue,CBS042008DVDGold,1,2008/Scans/CBS04_08Gold_Scans.7z,approved,disc_face_scan
issue,CBS042009DVD,1,2009/Scans/CBS0409_Scans.7z,approved,disc_face_scan
issue,CBS042009DVDGold,1,2009/Scans/CBS0409Gold_Scans.7z,approved,disc_face_scan
issue,CBS052000,1,2000/Scans/CBS052000_Scans.7z,approved,disc_face_scan
issue,CBS052001,1,2001/Scans/CBS052001_Scans.7z,approved,disc_face_scan
issue,CBS052002,1,2002/Scans/CBS052002_Scans.7z,approved,disc_face_scan
issue,CBS052003,1,2003/Scans/CBS052003_Scans.7z,approved,disc_face_scan
issue,CBS052004,1,2004/Scans/CBS052004_Scans.7z,approved,disc_face_scan
issue,CBS052005DVD,1,2005/Scans/CBS052005DVD_scans.7z,approved,disc_face_scan
issue,CBS052006DVD,1,2006/Scans/CBS052006DVD_Scan.7z,approved,disc_face_scan
issue,CBS052007DVD,1,2007/Scans/CBS05_07_Scans.7z,approved,disc_face_scan
issue,CBS052007DVDGold,1,2007/Scans/CBS05_07Gold_Scans.7z,approved,disc_face_scan
issue,CBS052008DVD,1,2008/Scans/CBS05_08_Scans.7z,approved,disc_face_scan
issue,CBS052008DVDGold,1,2008/Scans/CBS05_08Gold_Scans.7z,approved,disc_face_scan
issue,CBS052009DVD,1,2009/Scans/CBS0509_Scans.7z,approved,disc_face_scan
issue,CBS052009DVDGold,1,2009/Scans/CBS0509Gold_Scans.7z,approved,disc_face_scan
issue,CBS052010DVDGold,1,2010/Scans/CBS0510Gold_Scans.7z,approved,disc_face_scan
issue,CBS062000,1,2000/Scans/CBS062000_Scans.7z,approved,disc_face_scan
issue,CBS062001,1,2001/Scans/CBS062001_Scans.7z,approved,disc_face_scan
issue,CBS062003,1,2003/Scans/CBS062003_Scans.7z,approved,disc_face_scan
issue,CBS062004,1,2004/Scans/CBS062004_Scans.7z,approved,disc_face_scan
issue,CBS062005DVD,1,2005/Scans/CBS062005DVD_scans.7z,approved,disc_face_scan
issue,CBS062006DVD,1,2006/Scans/CBS062006DVD_Scan.7z,approved,disc_face_scan
issue,CBS062007DVD,1,2007/Scans/CBS06_07_Scans.7z,approved,disc_face_scan
issue,CBS062007DVDGold,1,2007/Scans/CBS06_07Gold_Scans.7z,approved,disc_face_scan
issue,CBS062008DVD,1,2008/Scans/CBS06_08_Scans.7z,approved,disc_face_scan
issue,CBS062008DVDGold,1,2008/Scans/CBS06_08Gold_Scans.7z,approved,disc_face_scan
issue,CBS062009DVD,1,2009/Scans/CBS0609_Scans.7z,approved,disc_face_scan
issue,CBS062009DVDGold,1,2009/Scans/CBS0609Gold_Scans.7z,approved,disc_face_scan
issue,CBS072000,1,2000/Scans/CBS072000_Scans.7z,approved,disc_face_scan
issue,CBS072001,1,2001/Scans/CBS072001_Scans.7z,approved,disc_face_scan
issue,CBS072002,1,2002/Scans/CBS072002_Scans.7z,approved,disc_face_scan
issue,CBS072003,1,2003/Scans/CBS072003_Scans.7z,approved,disc_face_scan
issue,CBS072004(CD1),1,2004/Scans/CBS072004(1)_Scans.7z,approved,disc_face_scan
issue,CBS072004(CD2),1,2004/Scans/CBS072004(2)_Scans.7z,approved,disc_face_scan
issue,CBS072005DVD,1,2005/Scans/CBS072005DVD_Scans.7z,approved,disc_face_scan
issue,CBS072006DVD,1,2006/Scans/CBS072006DVD_Scan.7z,approved,disc_face_scan
issue,CBS072006DVDGOLD,1,2006/Scans/CBS072006GoldDVD_Scan.7z,approved,disc_face_scan
issue,CBS072007DVD,1,2007/Scans/CBS07_2007_2_Scans.7z,approved,disc_face_scan
issue,CBS072007DVDGold,1,2007/Scans/CBS07_07Gold_Scans.7z,approved,disc_face_scan
issue,CBS072008DVD,1,2008/Scans/CBS07_08_Scans.7z,approved,disc_face_scan
issue,CBS072008DVDGold,1,2008/Scans/CBS07_08Gold_Scans.7z,approved,disc_face_scan
issue,CBS072009DVD,1,2009/Scans/CBS0709_Scans.7z,approved,disc_face_scan
issue,CBS072009DVDGold,1,2009/Scans/CBS0709Gold_Scans.7z,approved,disc_face_scan
issue,CBS072010DVD,1,2010/Scans/CBS0710_Scans.7z,approved,disc_face_scan
issue,CBS082000,1,2000/Scans/CBS082000_Scans.7z,approved,disc_face_scan
issue,CBS082001,1,2001/Scans/CBS082001_Scans.7z,approved,disc_face_scan
issue,CBS082002,1,2002/Scans/CBS082002_Scans.7z,approved,disc_face_scan
issue,CBS082003,1,2003/Scans/CBS082003_Scans.7z,approved,disc_face_scan
issue,CBS082004,1,2004/Scans/CBS082004_Scans.7z,approved,disc_face_scan
issue,CBS082005DVD,1,2005/Scans/CBS082005DVD_Scans.7z,approved,disc_face_scan
issue,CBS082006DVD,1,2006/Scans/CBS082006DVD_Scan.7z,approved,disc_face_scan
issue,CBS082006DVDGOLD,1,2006/Scans/CBS082006GoldDVD_Scan.7z,approved,disc_face_scan
issue,CBS082007DVD,1,2007/Scans/CBS08_07_Scans.7z,approved,disc_face_scan
issue,CBS082007DVDBonus,1,2007/Scans/CBS08_07Bonus_Scans.7z,approved,disc_face_scan
issue,CBS082007DVDGold,1,2007/Scans/CBS08_07Gold_Scans.7z,approved,disc_face_scan
issue,CBS082008DVD,1,2008/Scans/CBS08_08_Scans.7z,approved,disc_face_scan
issue,CBS082008DVDGold,1,2008/Scans/CBS08_08Gold_Scans.7z,approved,disc_face_scan
issue,CBS082009DVD,1,2009/Scans/CBS0809_Scans.7z,approved,disc_face_scan
issue,CBS092000,1,2000/Scans/CBS092000_Scans.7z,approved,disc_face_scan
issue,CBS092001,1,2001/Scans/CBS092001_Scans.7z,approved,disc_face_scan
issue,CBS092002,1,2002/Scans/CBS092002_Scans.7z,approved,disc_face_scan
issue,CBS092003,1,2003/Scans/CBS092003_Scans.7z,approved,disc_face_scan
issue,CBS092004DVD,1,2004/Scans/CBS092004DVD Scans.7z,approved,disc_face_scan
issue,CBS092005DVD,1,2005/Scans/CBS092005DVD_Scans.7z,approved,disc_face_scan
issue,CBS092006DVD,1,2006/Scans/CBS092006DVD_Scan.7z,approved,disc_face_scan
issue,CBS092006DVDGOLD,1,2006/Scans/CBS092006GoldDVD_Scan.7z,approved,disc_face_scan
issue,CBS092007DVD,1,2007/Scans/CBS09_07_Scans.7z,approved,disc_face_scan
issue,CBS092007DVDGold,1,2007/Scans/CBS09_07Gold_Scans.7z,approved,disc_face_scan
issue,CBS092008DVD,1,2008/Scans/CBS09_08_Scans.7z,approved,disc_face_scan
issue,CBS092008DVDGold,1,2008/Scans/CBS09_08Gold_Scans.7z,approved,disc_face_scan
issue,CBS092009DVD,1,2009/Scans/CBS0909_Scans.7z,approved,disc_face_scan
issue,CBS092009DVDGold,1,2009/Scans/CBS0909Gold_Scans.7z,approved,disc_face_scan
issue,CBS102000,1,2000/Scans/CBS102000_Scans.7z,approved,disc_face_scan
issue,CBS102001,1,2001/Scans/CBS102001_Scans.7z,approved,disc_face_scan
issue,CBS102002,1,2002/Scans/CBS102002_Scans.7z,approved,disc_face_scan
issue,CBS102003,1,2003/Scans/CBS102003_Scans.7z,approved,disc_face_scan
issue,CBS102004DVD,1,2004/Scans/CBS102004DVD_Scans.7z,approved,disc_face_scan
issue,CBS102005DVD,1,2005/Scans/CBS102005DVD_Scans.7z,approved,disc_face_scan
issue,CBS102006DVD,1,2006/Scans/CBS102006DVD_Scan.7z,approved,disc_face_scan
issue,CBS102006DVDGOLD,1,2006/Scans/CBS102006GoldDVD_Scan.7z,approved,disc_face_scan
issue,CBS102007DVD,1,2007/Scans/CBS10_07_Scans.7z,approved,disc_face_scan
issue,CBS102007DVDGold,1,2007/Scans/CBS10_07Gold_Scans.7z,approved,disc_face_scan
issue,CBS102008DVD,1,2008/Scans/CBS10_08_Scans.7z,approved,disc_face_scan
issue,CBS102008DVDGold,1,2008/Scans/CBS10_08Gold_Scans.7z,approved,disc_face_scan
issue,CBS102009DVD,1,2009/Scans/CBS1009_Scans.7z,approved,disc_face_scan
issue,CBS102009DVDGold,1,2009/Scans/CBS1009Gold_Scans.7z,approved,disc_face_scan
issue,CBS112000,1,2000/Scans/CBS112000_Scans.7z,approved,disc_face_scan
issue,CBS112001,1,2001/Scans/CBS112001_Scans.7z,approved,disc_face_scan
issue,CBS112002,1,2002/Scans/CBS112002_Scans.7z,approved,disc_face_scan
issue,CBS112003,1,2003/Scans/CBS112003_Scans.7z,approved,disc_face_scan
issue,CBS112004DVD,1,2004/Scans/CBS112004DVD_Scans.7z,approved,disc_face_scan
issue,CBS112005DVD,1,2005/Scans/CBS112005DVD_Scans.7z,approved,disc_face_scan
issue,CBS112006DVD,1,2006/Scans/CBS112006DVD_Scan.7z,approved,disc_face_scan
issue,CBS112007DVD,1,2007/Scans/CBS11_07_Scans.7z,approved,disc_face_scan
issue,CBS112007DVDGold,1,2007/Scans/CBS11_07Gold_Scans.7z,approved,disc_face_scan
issue,CBS112008DVD,1,2008/Scans/CBS11_08_Scans.7z,approved,disc_face_scan
issue,CBS112008DVDGold,1,2008/Scans/CBS11_08Gold_Scans.7z,approved,disc_face_scan
issue,CBS112009DVD,1,2009/Scans/CBS1109_Scans.7z,approved,disc_face_scan
issue,CBS112009DVDGold,1,2009/Scans/CBS1109Gold_Scans.7z,approved,disc_face_scan
issue,CBS121999,1,1999/Scans/CBS121999_Scans.7z,approved,disc_face_scan
issue,CBS122001,1,2001/Scans/CBS122001_Scans.7z,approved,disc_face_scan
issue,CBS122002,1,2002/Scans/CBS122002_Scans.7z,approved,disc_face_scan
issue,CBS122003 (CD1),1,2003/Scans/CBS122003(1)_Scans.7z,approved,disc_face_scan
issue,CBS122003 (CD2),1,2003/Scans/CBS122003(2)_Scans.7z,approved,disc_face_scan
issue,CBS122004DVD,1,2004/Scans/CBS122004DVD_Scans.7z,approved,disc_face_scan
issue,CBS122005DVD,1,2005/Scans/CBS122005DVD_Scans.7z,approved,disc_face_scan
issue,CBS122006DVD,1,2006/Scans/CBS122006DVD_Scan.7z,approved,disc_face_scan
issue,CBS122006DVDGOLD,1,2006/Scans/CBS122006GoldDVD_Scan.7z,approved,disc_face_scan
issue,CBS122007DVD,1,2007/Scans/CBS12_07_Scans.7z,approved,disc_face_scan
issue,CBS122007DVDGold,1,2007/Scans/CBS12_07Gold_Scans.7z,approved,disc_face_scan
issue,CBS122008DVD,1,2008/Scans/CBS12_08_Scans.7z,approved,disc_face_scan
issue,CBS122008DVDGold,1,2008/Scans/CBS12_08Gold_Scans.7z,approved,disc_face_scan
issue,CBS122010DVD,1,2010/Scans/CBS1210_Scans.7z,approved,disc_face_scan
issue,CBS122010DVDGold,1,2010/Scans/CBS1210Gold_Scans.7z,approved,disc_face_scan
