archive_item,archive_name,issue_code,year,variant,title_strategy,resolution_path,reason,status,root_cause,retry_recommended,suggestion
cbs-2000-09,2000/CBS012000.7z,CBS012000,2000,CD,publication-coverage,publication-coverage,no publishable game rows after cleanup,unresolved,no-publishable-game,review,review raw candidates and publication rules; record an explicit no-game decision if appropriate
cbs-2000-09,2000/CBS032000.7z,CBS032000,2000,CD,publication-coverage,publication-coverage,no publishable game rows after cleanup,unresolved,no-publishable-game,review,review raw candidates and publication rules; record an explicit no-game decision if appropriate
cbs-2000-09,2000/CBS122000.7z,CBS122000,2000,CD,publication-coverage,publication-coverage,no publishable game rows after cleanup,unresolved,no-publishable-game,review,review raw candidates and publication rules; record an explicit no-game decision if appropriate
cbs-2000-09,2002/CBS062002.7z,CBS062002,2002,CD,publication-coverage,publication-coverage,no publishable game rows after cleanup,unresolved,no-publishable-game,review,review raw candidates and publication rules; record an explicit no-game decision if appropriate
cbs-2000-09,2006/CBS112006DVDGOLD.7z,CBS112006DVDGOLD,2006,DVDGOLD,publication-coverage,publication-coverage,no publishable game rows after cleanup,unresolved,no-publishable-game,review,review raw candidates and publication rules; record an explicit no-game decision if appropriate
cbs-2000-09,2009/CBS082009DVDGold.7z,CBS082009DVDGold,2009,DVDGold,publication-coverage,publication-coverage,no publishable game rows after cleanup,unresolved,no-publishable-game,review,review raw candidates and publication rules; record an explicit no-game decision if appropriate
cbs-2000-09,2009/CBS122009DVD.7z,CBS122009DVD,2009,DVD,publication-coverage,publication-coverage,no publishable game rows after cleanup,unresolved,no-publishable-game,review,review raw candidates and publication rules; record an explicit no-game decision if appropriate
cbs-2000-09,2009/CBS122009DVDGold.7z,CBS122009DVDGold,2009,DVDGold,publication-coverage,publication-coverage,no publishable game rows after cleanup,unresolved,no-publishable-game,review,review raw candidates and publication rules; record an explicit no-game decision if appropriate
cbs-2000-09,2010/CBS012010DVDGold.7z,CBS012010DVDGold,2010,DVDGold,publication-coverage,publication-coverage,no publishable game rows after cleanup,unresolved,no-publishable-game,review,review raw candidates and publication rules; record an explicit no-game decision if appropriate
cbs-2000-09,2010/CBS022010DVD.7z,CBS022010DVD,2010,DVD,publication-coverage,publication-coverage,no publishable game rows after cleanup,unresolved,no-publishable-game,review,review raw candidates and publication rules; record an explicit no-game decision if appropriate
cbs-2000-09,2010/CBS032010DVD.7z,CBS032010DVD,2010,DVD,publication-coverage,publication-coverage,no publishable game rows after cleanup,unresolved,no-publishable-game,review,review raw candidates and publication rules; record an explicit no-game decision if appropriate
cbs-2000-09,2010/CBS042010DVD.7z,CBS042010DVD,2010,DVD,publication-coverage,publication-coverage,no publishable game rows after cleanup,unresolved,no-publishable-game,review,review raw candidates and publication rules; record an explicit no-game decision if appropriate
cbs-2000-09,2010/CBS042010DVDGold.7z,CBS042010DVDGold,2010,DVDGold,publication-coverage,publication-coverage,no publishable game rows after cleanup,unresolved,no-publishable-game,review,review raw candidates and publication rules; record an explicit no-game decision if appropriate
cbs-2000-09,2010/CBS052010DVD.7z,CBS052010DVD,2010,DVD,publication-coverage,publication-coverage,no publishable game rows after cleanup,unresolved,no-publishable-game,review,review raw candidates and publication rules; record an explicit no-game decision if appropriate
cbs-2000-09,2010/CBS062010DVD.7z,CBS062010DVD,2010,DVD,publication-coverage,publication-coverage,no publishable game rows after cleanup,unresolved,no-publishable-game,review,review raw candidates and publication rules; record an explicit no-game decision if appropriate
cbs-2000-09,2010/CBS062010DVDGold.7z,CBS062010DVDGold,2010,DVDGold,publication-coverage,publication-coverage,no publishable game rows after cleanup,unresolved,no-publishable-game,review,review raw candidates and publication rules; record an explicit no-game decision if appropriate
cbs-2000-09,2010/CBS072010DVDGold.7z,CBS072010DVDGold,2010,DVDGold,publication-coverage,publication-coverage,no publishable game rows after cleanup,unresolved,no-publishable-game,review,review raw candidates and publication rules; record an explicit no-game decision if appropriate
cbs-2000-09,2010/CBS082010DVD.7z,CBS082010DVD,2010,DVD,publication-coverage,publication-coverage,no publishable game rows after cleanup,unresolved,no-publishable-game,review,review raw candidates and publication rules; record an explicit no-game decision if appropriate
cbs-2000-09,2010/CBS082010DVDGold.7z,CBS082010DVDGold,2010,DVDGold,publication-coverage,publication-coverage,no publishable game rows after cleanup,unresolved,no-publishable-game,review,review raw candidates and publication rules; record an explicit no-game decision if appropriate
cbs-2000-09,2010/CBS092010DVD.7z,CBS092010DVD,2010,DVD,publication-coverage,publication-coverage,no publishable game rows after cleanup,unresolved,no-publishable-game,review,review raw candidates and publication rules; record an explicit no-game decision if appropriate
cbs-2000-09,2010/CBS092010DVDGold.7z,CBS092010DVDGold,2010,DVDGold,publication-coverage,publication-coverage,no publishable game rows after cleanup,unresolved,no-publishable-game,review,review raw candidates and publication rules; record an explicit no-game decision if appropriate
cbs-2000-09,2010/CBS102010DVD.7z,CBS102010DVD,2010,DVD,publication-coverage,publication-coverage,no publishable game rows after cleanup,unresolved,no-publishable-game,review,review raw candidates and publication rules; record an explicit no-game decision if appropriate
cbs-2000-09,2010/CBS102010DVDGold.7z,CBS102010DVDGold,2010,DVDGold,publication-coverage,publication-coverage,no publishable game rows after cleanup,unresolved,no-publishable-game,review,review raw candidates and publication rules; record an explicit no-game decision if appropriate
cbs-2000-09,2010/CBS112010DVD.7z,CBS112010DVD,2010,DVD,publication-coverage,publication-coverage,no publishable game rows after cleanup,unresolved,no-publishable-game,review,review raw candidates and publication rules; record an explicit no-game decision if appropriate
cbs-2000-09,2010/CBS112010DVDGold.7z,CBS112010DVDGold,2010,DVDGold,publication-coverage,publication-coverage,no publishable game rows after cleanup,unresolved,no-publishable-game,review,review raw candidates and publication rules; record an explicit no-game decision if appropriate
