archive_item,archive_name,archive_url,source_size_bytes,source_sha1,issue_code,year,variant,raw_candidate_rows,cleaned_candidate_rows,dropped_candidate_rows,publishable_game_rows,publication_status,coverage_reason
cbs-2000-09,1999/CBS121999.7z,https://archive.org/download/cbs-2000-09/1999/CBS121999.7z,582875492,2ab8c9045bbf90be99a705ade5208c554d754f89,CBS121999,1999,CD,1,1,0,1,published,one or more public game rows were recovered
cbs-2000-09,2000/CBS012000.7z,https://archive.org/download/cbs-2000-09/2000/CBS012000.7z,572606053,d98f1cfcce2d434d12d128338b7df73dfdc837d8,CBS012000,2000,CD,34,0,34,0,unresolved_no_publishable_game,"raw candidates exist, but none survived publication; review is required"
cbs-2000-09,2000/CBS022000.7z,https://archive.org/download/cbs-2000-09/2000/CBS022000.7z,463534993,ac340bca63cadb385b2d9dd80554996d7324609a,CBS022000,2000,CD,1,1,0,1,published,one or more public game rows were recovered
cbs-2000-09,2000/CBS032000.7z,https://archive.org/download/cbs-2000-09/2000/CBS032000.7z,612552213,bc6c787c5989f6780a3c3168c4092f2e08ea03b1,CBS032000,2000,CD,14,0,14,0,unresolved_no_publishable_game,"raw candidates exist, but none survived publication; review is required"
cbs-2000-09,2000/CBS042000.7z,https://archive.org/download/cbs-2000-09/2000/CBS042000.7z,610027317,db59bdb7fde5e38fc25abd4ec7d2fd550b1d901f,CBS042000,2000,CD,1,1,0,1,published,one or more public game rows were recovered
cbs-2000-09,2000/CBS052000.7z,https://archive.org/download/cbs-2000-09/2000/CBS052000.7z,489471311,582bdaf57a3460e5d0e154127a73449b4948c6f7,CBS052000,2000,CD,6,2,4,1,published,one or more public game rows were recovered
cbs-2000-09,2000/CBS062000.7z,https://archive.org/download/cbs-2000-09/2000/CBS062000.7z,614925150,7ed72d0cf126348bb5fcb89061255cbee2b67ff9,CBS062000,2000,CD,2,2,0,2,published,one or more public game rows were recovered
cbs-2000-09,2000/CBS072000.7z,https://archive.org/download/cbs-2000-09/2000/CBS072000.7z,424291572,5a72b7f59be3cbcd5c4b446497b7b1a7a8e52ffc,CBS072000,2000,CD,1,1,0,1,published,one or more public game rows were recovered
cbs-2000-09,2000/CBS082000.7z,https://archive.org/download/cbs-2000-09/2000/CBS082000.7z,428152604,5c650c211e6c6c33706783a4ddc412c2f877f092,CBS082000,2000,CD,1,1,0,1,published,one or more public game rows were recovered
cbs-2000-09,2000/CBS092000.7z,https://archive.org/download/cbs-2000-09/2000/CBS092000.7z,442741464,edbd0d8a85865ca4308b973b48592d8dd713ac9f,CBS092000,2000,CD,3,3,0,3,published,one or more public game rows were recovered
cbs-2000-09,2000/CBS102000.7z,https://archive.org/download/cbs-2000-09/2000/CBS102000.7z,471793078,60684d8434c4809347033df14a009042fb0a60b2,CBS102000,2000,CD,1,1,0,1,published,one or more public game rows were recovered
cbs-2000-09,2000/CBS112000.7z,https://archive.org/download/cbs-2000-09/2000/CBS112000.7z,706987816,842f371ed79836047b394e2ea65df6faadbe806b,CBS112000,2000,CD,1,1,0,1,published,one or more public game rows were recovered
cbs-2000-09,2000/CBS122000.7z,https://archive.org/download/cbs-2000-09/2000/CBS122000.7z,601634375,d48a2f05f642f43862f7ff085b5796f334f7cbbd,CBS122000,2000,CD,31,2,29,0,unresolved_no_publishable_game,"raw candidates exist, but none survived publication; review is required"
cbs-2000-09,2001/CBS012001.7z,https://archive.org/download/cbs-2000-09/2001/CBS012001.7z,649363124,f2fc9447f5474359a7691e041ef13252954d4cc1,CBS012001,2001,CD,5,5,0,5,published,one or more public game rows were recovered
cbs-2000-09,2001/CBS022001.7z,https://archive.org/download/cbs-2000-09/2001/CBS022001.7z,425726043,f38ccb830e89d791d5c7896de7847c78ea62268c,CBS022001,2001,CD,2,2,0,2,published,one or more public game rows were recovered
cbs-2000-09,2001/CBS032001.7z,https://archive.org/download/cbs-2000-09/2001/CBS032001.7z,607243399,28484b0a3a4b9b58955dbeab9bb15b6fc43e6a91,CBS032001,2001,CD,2,2,0,2,published,one or more public game rows were recovered
cbs-2000-09,2001/CBS042001.7z,https://archive.org/download/cbs-2000-09/2001/CBS042001.7z,540379045,5645aef957fe2aa1d5c46f6465725bec9f76445a,CBS042001,2001,CD,1,1,0,1,published,one or more public game rows were recovered
cbs-2000-09,2001/CBS052001.7z,https://archive.org/download/cbs-2000-09/2001/CBS052001.7z,260357618,53f97650012a9d7f617dfdf7451bd54a22de99b7,CBS052001,2001,CD,3,3,0,3,published,one or more public game rows were recovered
cbs-2000-09,2001/CBS062001.7z,https://archive.org/download/cbs-2000-09/2001/CBS062001.7z,511841577,6906791bed8535b0887a6e84bbf2a383e067e5bf,CBS062001,2001,CD,3,3,0,3,published,one or more public game rows were recovered
cbs-2000-09,2001/CBS072001.7z,https://archive.org/download/cbs-2000-09/2001/CBS072001.7z,453567249,6c7f75a567568172a66f7a4066d2e4e024d5ccf3,CBS072001,2001,CD,3,3,0,3,published,one or more public game rows were recovered
cbs-2000-09,2001/CBS082001.7z,https://archive.org/download/cbs-2000-09/2001/CBS082001.7z,523113030,4b3cd86fd0f9ada4167b8d2894834b097d15db20,CBS082001,2001,CD,2,2,0,2,published,one or more public game rows were recovered
cbs-2000-09,2001/CBS092001.7z,https://archive.org/download/cbs-2000-09/2001/CBS092001.7z,586107071,5bc503d9c78afefbfe4aa752d174febf833b6ba0,CBS092001,2001,CD,6,6,0,6,published,one or more public game rows were recovered
cbs-2000-09,2001/CBS102001.7z,https://archive.org/download/cbs-2000-09/2001/CBS102001.7z,577537407,a05758c852d2c1fbb402acd70fb6777f1e15d995,CBS102001,2001,CD,1,1,0,1,published,one or more public game rows were recovered
cbs-2000-09,2001/CBS112001.7z,https://archive.org/download/cbs-2000-09/2001/CBS112001.7z,637396086,1f8d2244ee48bf858c5a5e34485fc046a67ff735,CBS112001,2001,CD,1,1,0,1,published,one or more public game rows were recovered
cbs-2000-09,2001/CBS122001.7z,https://archive.org/download/cbs-2000-09/2001/CBS122001.7z,641002392,7f181c6b7d79e177afa4ab622b78b113d1ee3a88,CBS122001,2001,CD,1,1,0,1,published,one or more public game rows were recovered
cbs-2000-09,2002/CBS012002.7z,https://archive.org/download/cbs-2000-09/2002/CBS012002.7z,608953170,9c33aafca3120bbcf976b4b405fab35ac94a3db3,CBS012002,2002,CD,1,1,0,1,published,one or more public game rows were recovered
cbs-2000-09,2002/CBS022002.7z,https://archive.org/download/cbs-2000-09/2002/CBS022002.7z,511594571,777451c702fadcf5fa079a3f83e239fbf3a07401,CBS022002,2002,CD,1,1,0,1,published,one or more public game rows were recovered
cbs-2000-09,2002/CBS032002.7z,https://archive.org/download/cbs-2000-09/2002/CBS032002.7z,657524793,d2957c4fbe47c42a7fd45aff42b1f5e8f77e904b,CBS032002,2002,CD,1,1,0,1,published,one or more public game rows were recovered
cbs-2000-09,2002/CBS042002.7z,https://archive.org/download/cbs-2000-09/2002/CBS042002.7z,575654148,2b1b33515980859a21994606cce6b694b63226b1,CBS042002,2002,CD,2,2,0,2,published,one or more public game rows were recovered
cbs-2000-09,2002/CBS052002.7z,https://archive.org/download/cbs-2000-09/2002/CBS052002.7z,643610234,103adc20502deed93a38bd973f66f32815000425,CBS052002,2002,CD,1,1,0,1,published,one or more public game rows were recovered
cbs-2000-09,2002/CBS062002.7z,https://archive.org/download/cbs-2000-09/2002/CBS062002.7z,694701595,4cdbd4eccef98c7eae81e6b65a9aec9062497dfa,CBS062002,2002,CD,12,1,11,0,unresolved_no_publishable_game,"raw candidates exist, but none survived publication; review is required"
cbs-2000-09,2002/CBS072002.7z,https://archive.org/download/cbs-2000-09/2002/CBS072002.7z,539767494,3538e53663d96dc5956a0a45b740fd9ef2ed6ce4,CBS072002,2002,CD,1,1,0,1,published,one or more public game rows were recovered
cbs-2000-09,2002/CBS082002.7z,https://archive.org/download/cbs-2000-09/2002/CBS082002.7z,658425438,4af3d66ca29f7f6bbf57e7288edd1922f90338d1,CBS082002,2002,CD,1,1,0,1,published,one or more public game rows were recovered
cbs-2000-09,2002/CBS092002.7z,https://archive.org/download/cbs-2000-09/2002/CBS092002.7z,689890971,56b8a6dd58a60a9fd19808beb1953efe569bfb1d,CBS092002,2002,CD,1,1,0,1,published,one or more public game rows were recovered
cbs-2000-09,2002/CBS102002.7z,https://archive.org/download/cbs-2000-09/2002/CBS102002.7z,669956881,6bb2a80b87b2f4b53c4e819c1f8ee9b19760037d,CBS102002,2002,CD,1,1,0,1,published,one or more public game rows were recovered
cbs-2000-09,2002/CBS112002.7z,https://archive.org/download/cbs-2000-09/2002/CBS112002.7z,569899426,85e87f0c51e7fb9131cc325127a62a49ed379135,CBS112002,2002,CD,1,1,0,1,published,one or more public game rows were recovered
cbs-2000-09,2002/CBS122002.7z,https://archive.org/download/cbs-2000-09/2002/CBS122002.7z,594188978,c2c7672f36fa850dfb3c8c56286bcf13a4ddeb87,CBS122002,2002,CD,1,1,0,1,published,one or more public game rows were recovered
cbs-2000-09,2003/CBS012003.7z,https://archive.org/download/cbs-2000-09/2003/CBS012003.7z,620316596,b59d11b20a0a2d9ee3e09f7604075abdbb2d88a4,CBS012003,2003,CD,1,1,0,1,published,one or more public game rows were recovered
cbs-2000-09,2003/CBS022003.7z,https://archive.org/download/cbs-2000-09/2003/CBS022003.7z,660872195,521b2f43d64e55b1cda4c130fa1307d672667a9a,CBS022003,2003,CD,1,1,0,1,published,one or more public game rows were recovered
cbs-2000-09,2003/CBS032003.7z,https://archive.org/download/cbs-2000-09/2003/CBS032003.7z,756317655,51623c4f77d07ce6a335c2fba2c0bd71ef55ff48,CBS032003,2003,CD,1,1,0,1,published,one or more public game rows were recovered
cbs-2000-09,2003/CBS042003.7z,https://archive.org/download/cbs-2000-09/2003/CBS042003.7z,642063663,4473c7aaefbaa5227cf7e3fb019095a3377f6550,CBS042003,2003,CD,1,1,0,1,published,one or more public game rows were recovered
cbs-2000-09,2003/CBS052003.7z,https://archive.org/download/cbs-2000-09/2003/CBS052003.7z,511821394,700bfc07940b1130d2d9ecd70883080daad14388,CBS052003,2003,CD,1,1,0,1,published,one or more public game rows were recovered
cbs-2000-09,2003/CBS062003.7z,https://archive.org/download/cbs-2000-09/2003/CBS062003.7z,743395348,fc0d7af21fcea79b64bf372a85374195ab865efa,CBS062003,2003,CD,1,1,0,1,published,one or more public game rows were recovered
cbs-2000-09,2003/CBS072003.7z,https://archive.org/download/cbs-2000-09/2003/CBS072003.7z,705421914,a0ec66b1c905fb2abf16c6a4ef9b0b0c82929273,CBS072003,2003,CD,1,1,0,1,published,one or more public game rows were recovered
cbs-2000-09,2003/CBS082003.7z,https://archive.org/download/cbs-2000-09/2003/CBS082003.7z,766914288,688933fa02af7f9b8916017f14d1393fef9a3fee,CBS082003,2003,CD,1,1,0,1,published,one or more public game rows were recovered
cbs-2000-09,2003/CBS092003.7z,https://archive.org/download/cbs-2000-09/2003/CBS092003.7z,703347450,7d80262291af36b5e79846ac0b02fd87ba456dca,CBS092003,2003,CD,1,1,0,1,published,one or more public game rows were recovered
cbs-2000-09,2003/CBS102003.7z,https://archive.org/download/cbs-2000-09/2003/CBS102003.7z,537707107,eebf3a84e7e6b54a17a63def1da7abeab3acd0b4,CBS102003,2003,CD,2,2,0,2,published,one or more public game rows were recovered
cbs-2000-09,2003/CBS112003.7z,https://archive.org/download/cbs-2000-09/2003/CBS112003.7z,626056200,fe74c795f092bfbddd1202bd69cdd4dca54606cd,CBS112003,2003,CD,1,1,0,1,published,one or more public game rows were recovered
cbs-2000-09,2003/CBS122003 (CD1).7z,https://archive.org/download/cbs-2000-09/2003/CBS122003 (CD1).7z,719156809,1756ddbcbb964f3014cfa511c6633d35bc99fe16,CBS122003 (CD1),2003, (CD1),2,2,0,2,published,one or more public game rows were recovered
cbs-2000-09,2003/CBS122003 (CD2).7z,https://archive.org/download/cbs-2000-09/2003/CBS122003 (CD2).7z,652065316,22fdda1bdb3e1776893451c7d430798132dc4f36,CBS122003 (CD2),2003, (CD2),2,2,0,2,published,one or more public game rows were recovered
cbs-2000-09,2004/CBS012004.7z,https://archive.org/download/cbs-2000-09/2004/CBS012004.7z,668763768,f912018084a97e267859d095fe735a781e320a1a,CBS012004,2004,CD,1,1,0,1,published,one or more public game rows were recovered
cbs-2000-09,2004/CBS022004.7z,https://archive.org/download/cbs-2000-09/2004/CBS022004.7z,708642457,cdd7da54fce3d83573980eedc65088ec29cbe145,CBS022004,2004,CD,1,1,0,1,published,one or more public game rows were recovered
cbs-2000-09,2004/CBS032004 (CD1).7z,https://archive.org/download/cbs-2000-09/2004/CBS032004 (CD1).7z,608648287,20b277e58178bb4c9c4a6c7a3cb5d47e713ae575,CBS032004 (CD1),2004, (CD1),2,2,0,2,published,one or more public game rows were recovered
cbs-2000-09,2004/CBS032004 (CD2).7z,https://archive.org/download/cbs-2000-09/2004/CBS032004 (CD2).7z,697640491,c06ee14a065c27b5795c15c0e67de817cb94c77e,CBS032004 (CD2),2004, (CD2),2,2,0,2,published,one or more public game rows were recovered
cbs-2000-09,2004/CBS042004.7z,https://archive.org/download/cbs-2000-09/2004/CBS042004.7z,767781222,2d9548a2c0129f936b36da123a1b094f8b4a3d91,CBS042004,2004,CD,1,1,0,1,published,one or more public game rows were recovered
cbs-2000-09,2004/CBS052004.7z,https://archive.org/download/cbs-2000-09/2004/CBS052004.7z,675254714,68fd757de26f07eacb16449ae7bf5ad805eb6f61,CBS052004,2004,CD,1,1,0,1,published,one or more public game rows were recovered
cbs-2000-09,2004/CBS062004.7z,https://archive.org/download/cbs-2000-09/2004/CBS062004.7z,777996910,d3bcfd48abb00fad0844faf869f8b0504d552d68,CBS062004,2004,CD,1,1,0,1,published,one or more public game rows were recovered
cbs-2000-09,2004/CBS072004(CD1).7z,https://archive.org/download/cbs-2000-09/2004/CBS072004(CD1).7z,611260836,9aba760321d22e2b02f60eaa4486ec77aa6bc19a,CBS072004(CD1),2004,(CD1),1,1,0,1,published,one or more public game rows were recovered
cbs-2000-09,2004/CBS072004(CD2).7z,https://archive.org/download/cbs-2000-09/2004/CBS072004(CD2).7z,601735331,90bdd997a1994dea014df49d63c24db49b271836,CBS072004(CD2),2004,(CD2),1,1,0,1,published,one or more public game rows were recovered
cbs-2000-09,2004/CBS082004.7z,https://archive.org/download/cbs-2000-09/2004/CBS082004.7z,555903570,171450ea65f79f293b430bb89c0f4b531dd0d25c,CBS082004,2004,CD,1,1,0,1,published,one or more public game rows were recovered
cbs-2000-09,2004/CBS092004DVD.7z,https://archive.org/download/cbs-2000-09/2004/CBS092004DVD.7z,4416102606,ecffb0502ec28d57ec1f802af2e2088a54c9f30c,CBS092004DVD,2004,DVD,2,2,0,2,published,one or more public game rows were recovered
cbs-2000-09,2004/CBS102004DVD.7z,https://archive.org/download/cbs-2000-09/2004/CBS102004DVD.7z,4326574052,6fbb8d1b081068ba7bc18d5247be4921c059fecc,CBS102004DVD,2004,DVD,1,1,0,1,published,one or more public game rows were recovered
cbs-2000-09,2004/CBS112004DVD.7z,https://archive.org/download/cbs-2000-09/2004/CBS112004DVD.7z,4306866299,cc75b91760ed77b088c91696576ff83b5abaf5fd,CBS112004DVD,2004,DVD,64,36,28,31,published,one or more public game rows were recovered
cbs-2000-09,2004/CBS122004DVD.7z,https://archive.org/download/cbs-2000-09/2004/CBS122004DVD.7z,7613965743,24d84dd4470993112e77fd4c17b9fed9c9889501,CBS122004DVD,2004,DVD,72,45,27,37,published,one or more public game rows were recovered
cbs-2000-09,2005/CBS012005DVD.7z,https://archive.org/download/cbs-2000-09/2005/CBS012005DVD.7z,4369250557,5bbaa449baf3858ebe74d60320b585600e1c2b82,CBS012005DVD,2005,DVD,437,274,163,188,published,one or more public game rows were recovered
cbs-2000-09,2005/CBS022005DVD.7z,https://archive.org/download/cbs-2000-09/2005/CBS022005DVD.7z,4411577720,91eb5f940f0146e7632d11bf66bbbba4bf97da32,CBS022005DVD,2005,DVD,63,40,23,33,published,one or more public game rows were recovered
cbs-2000-09,2005/CBS032005DVD.7z,https://archive.org/download/cbs-2000-09/2005/CBS032005DVD.7z,4213779181,24e048002935d49cfa317dcce3307f674feb4c4c,CBS032005DVD,2005,DVD,104,51,53,37,published,one or more public game rows were recovered
cbs-2000-09,2005/CBS042005DVD.7z,https://archive.org/download/cbs-2000-09/2005/CBS042005DVD.7z,4314979513,efb916202694e11bbde938881594a722d7f84584,CBS042005DVD,2005,DVD,72,39,33,30,published,one or more public game rows were recovered
cbs-2000-09,2005/CBS052005DVD.7z,https://archive.org/download/cbs-2000-09/2005/CBS052005DVD.7z,4000439628,382387f14f312f2571be500d25972699fdb2dff4,CBS052005DVD,2005,DVD,55,31,24,25,published,one or more public game rows were recovered
cbs-2000-09,2005/CBS062005DVD.7z,https://archive.org/download/cbs-2000-09/2005/CBS062005DVD.7z,4236423791,d317fc41b8f15fd4999dc3c213d5978a236319fa,CBS062005DVD,2005,DVD,64,31,33,19,published,one or more public game rows were recovered
cbs-2000-09,2005/CBS072005DVD.7z,https://archive.org/download/cbs-2000-09/2005/CBS072005DVD.7z,4115168875,33055fec027cb3483fba4cc7cb56d0c330c9c38c,CBS072005DVD,2005,DVD,59,36,23,25,published,one or more public game rows were recovered
cbs-2000-09,2005/CBS082005DVD.7z,https://archive.org/download/cbs-2000-09/2005/CBS082005DVD.7z,3969123404,ff2f79e8f954ff3be11d7273811a7679de5ca60a,CBS082005DVD,2005,DVD,72,42,30,30,published,one or more public game rows were recovered
cbs-2000-09,2005/CBS092005DVD.7z,https://archive.org/download/cbs-2000-09/2005/CBS092005DVD.7z,7560803375,683c96eafb06c93e6bf91d5f5dcc7d3d295a857a,CBS092005DVD,2005,DVD,82,48,34,31,published,one or more public game rows were recovered
cbs-2000-09,2005/CBS102005DVD.7z,https://archive.org/download/cbs-2000-09/2005/CBS102005DVD.7z,8165610317,1dc2dbd0be45abf548d6ba219dc870c19e392963,CBS102005DVD,2005,DVD,47,18,29,12,published,one or more public game rows were recovered
cbs-2000-09,2005/CBS112005DVD.7z,https://archive.org/download/cbs-2000-09/2005/CBS112005DVD.7z,7597088175,cf155f3123e48f46ddf470c7a876cc5c2853dd16,CBS112005DVD,2005,DVD,67,38,29,27,published,one or more public game rows were recovered
cbs-2000-09,2005/CBS122005DVD.7z,https://archive.org/download/cbs-2000-09/2005/CBS122005DVD.7z,7709837244,446c2ff5fb53a9ace48b6eb96778a54783dbb322,CBS122005DVD,2005,DVD,107,36,71,24,published,one or more public game rows were recovered
cbs-2000-09,2006/CBS012006DVD.7z,https://archive.org/download/cbs-2000-09/2006/CBS012006DVD.7z,8177745427,eac7b7a6cc86d95a1646a0e717f9795d4c0b63b9,CBS012006DVD,2006,DVD,73,36,37,25,published,one or more public game rows were recovered
cbs-2000-09,2006/CBS022006DVD.7z,https://archive.org/download/cbs-2000-09/2006/CBS022006DVD.7z,7943092495,bd803be546f4f3e34c97f60fbf9e198f0e5e8399,CBS022006DVD,2006,DVD,83,49,34,36,published,one or more public game rows were recovered
cbs-2000-09,2006/CBS032006DVD.7z,https://archive.org/download/cbs-2000-09/2006/CBS032006DVD.7z,8090902273,86afd212fd5fb12c0ea38994fbd2c88fb69799b0,CBS032006DVD,2006,DVD,73,45,28,34,published,one or more public game rows were recovered
cbs-2000-09,2006/CBS042006DVD.7z,https://archive.org/download/cbs-2000-09/2006/CBS042006DVD.7z,5568721598,8f4b4c81342a721bc525aa3683e1dc22b357969a,CBS042006DVD,2006,DVD,83,43,40,31,published,one or more public game rows were recovered
cbs-2000-09,2006/CBS052006DVD.7z,https://archive.org/download/cbs-2000-09/2006/CBS052006DVD.7z,7078852154,8c9c5f56566d18f800fd42996cae9932d31dd03b,CBS052006DVD,2006,DVD,75,50,25,34,published,one or more public game rows were recovered
cbs-2000-09,2006/CBS062006DVD.7z,https://archive.org/download/cbs-2000-09/2006/CBS062006DVD.7z,7855983031,716252986047b121c4ad832c3baba4f56cf2a522,CBS062006DVD,2006,DVD,84,53,31,36,published,one or more public game rows were recovered
cbs-2000-09,2006/CBS072006DVD.7z,https://archive.org/download/cbs-2000-09/2006/CBS072006DVD.7z,7740692152,7c096b7d0c34d08c200616f4c20bf7dd6b86a910,CBS072006DVD,2006,DVD,76,54,22,40,published,one or more public game rows were recovered
cbs-2000-09,2006/CBS072006DVDGOLD.7z,https://archive.org/download/cbs-2000-09/2006/CBS072006DVDGOLD.7z,7793001721,ca82c630729db9a114dfd02de5b6195bb5f50b25,CBS072006DVDGOLD,2006,DVDGOLD,14,3,11,1,published,one or more public game rows were recovered
cbs-2000-09,2006/CBS082006DVD.7z,https://archive.org/download/cbs-2000-09/2006/CBS082006DVD.7z,8109651791,bf4861aa5bc07d7a6c0674bff978b69817223724,CBS082006DVD,2006,DVD,74,48,26,33,published,one or more public game rows were recovered
cbs-2000-09,2006/CBS082006DVDGOLD.7z,https://archive.org/download/cbs-2000-09/2006/CBS082006DVDGOLD.7z,6093234032,50f72e324f2e5abfe4c3e34c1465abd872bee78c,CBS082006DVDGOLD,2006,DVDGOLD,13,2,11,1,published,one or more public game rows were recovered
cbs-2000-09,2006/CBS092006DVD.7z,https://archive.org/download/cbs-2000-09/2006/CBS092006DVD.7z,7912446080,8c0e1da45f8064167731a450ec283a6855b29162,CBS092006DVD,2006,DVD,83,59,24,46,published,one or more public game rows were recovered
cbs-2000-09,2006/CBS092006DVDGOLD.7z,https://archive.org/download/cbs-2000-09/2006/CBS092006DVDGOLD.7z,6705507062,67a24bf55d0d6cfe1a63a23d831724f115ffff89,CBS092006DVDGOLD,2006,DVDGOLD,24,16,8,10,published,one or more public game rows were recovered
cbs-2000-09,2006/CBS102006DVD.7z,https://archive.org/download/cbs-2000-09/2006/CBS102006DVD.7z,7759745575,a95eb2976cfc34307fb1b25d70b8743d7c4eabd0,CBS102006DVD,2006,DVD,102,60,42,37,published,one or more public game rows were recovered
cbs-2000-09,2006/CBS102006DVDGOLD.7z,https://archive.org/download/cbs-2000-09/2006/CBS102006DVDGOLD.7z,6760626800,3af745efd036e5516eeeb5ef250cf861eaf82c14,CBS102006DVDGOLD,2006,DVDGOLD,33,19,14,8,published,one or more public game rows were recovered
cbs-2000-09,2006/CBS112006DVD.7z,https://archive.org/download/cbs-2000-09/2006/CBS112006DVD.7z,7482415554,8fd93e7d2e00fb067fc5d22038e121286104b52b,CBS112006DVD,2006,DVD,88,50,38,34,published,one or more public game rows were recovered
cbs-2000-09,2006/CBS112006DVDGOLD.7z,https://archive.org/download/cbs-2000-09/2006/CBS112006DVDGOLD.7z,6712532234,8ca5980cd0751b020503838e656f14cd6351ccd5,CBS112006DVDGOLD,2006,DVDGOLD,10,2,8,0,unresolved_no_publishable_game,"raw candidates exist, but none survived publication; review is required"
cbs-2000-09,2006/CBS122006DVD.7z,https://archive.org/download/cbs-2000-09/2006/CBS122006DVD.7z,8102351317,7596accd9d5f10348216ffea0794abd93ae0f165,CBS122006DVD,2006,DVD,53,22,31,8,published,one or more public game rows were recovered
cbs-2000-09,2006/CBS122006DVDGOLD.7z,https://archive.org/download/cbs-2000-09/2006/CBS122006DVDGOLD.7z,6909140404,46ecb6d184b5dd5c16b50910f9f5f2c8d9f5c071,CBS122006DVDGOLD,2006,DVDGOLD,17,5,12,3,published,one or more public game rows were recovered
cbs-2000-09,2007/CBS012007DVD.7z,https://archive.org/download/cbs-2000-09/2007/CBS012007DVD.7z,7990266275,c945d8d6756a9b2a4b9161a23ac37348406c332a,CBS012007DVD,2007,DVD,93,57,36,40,published,one or more public game rows were recovered
cbs-2000-09,2007/CBS012007DVDGOLD.7z,https://archive.org/download/cbs-2000-09/2007/CBS012007DVDGOLD.7z,7359371909,f437a9d95df8e493f9631c4198661cd30cf41478,CBS012007DVDGOLD,2007,DVDGOLD,38,17,21,8,published,one or more public game rows were recovered
cbs-2000-09,2007/CBS022007DVD.7z,https://archive.org/download/cbs-2000-09/2007/CBS022007DVD.7z,7962086274,789e7a4e5d8d1c6eccd14a201e1afab790be838c,CBS022007DVD,2007,DVD,82,60,22,40,published,one or more public game rows were recovered
cbs-2000-09,2007/CBS022007DVDGOLD.7z,https://archive.org/download/cbs-2000-09/2007/CBS022007DVDGOLD.7z,7359005837,7f14622523182271952f8ec910f69c1b4331d4ac,CBS022007DVDGOLD,2007,DVDGOLD,34,9,25,3,published,one or more public game rows were recovered
cbs-2000-09,2007/CBS032007DVD.7z,https://archive.org/download/cbs-2000-09/2007/CBS032007DVD.7z,6445579984,f5492c2ae5b371da6102797e36f5fa8e4bca38e6,CBS032007DVD,2007,DVD,80,54,26,37,published,one or more public game rows were recovered
cbs-2000-09,2007/CBS032007DVDGold.7z,https://archive.org/download/cbs-2000-09/2007/CBS032007DVDGold.7z,6506342065,b0b62456064c8c3b282a21cb0a2eb3f3e6224048,CBS032007DVDGold,2007,DVDGold,19,12,7,7,published,one or more public game rows were recovered
cbs-2000-09,2007/CBS042007DVD.7z,https://archive.org/download/cbs-2000-09/2007/CBS042007DVD.7z,7340243184,f33dc5bb2d162309e773434cd8b5f880b4af2ddd,CBS042007DVD,2007,DVD,59,39,20,26,published,one or more public game rows were recovered
cbs-2000-09,2007/CBS042007DVDGold.7z,https://archive.org/download/cbs-2000-09/2007/CBS042007DVDGold.7z,7658116497,898275a3970c6a3b1b24a0265ec717983e59e08c,CBS042007DVDGold,2007,DVDGold,34,18,16,11,published,one or more public game rows were recovered
cbs-2000-09,2007/CBS052007DVD.7z,https://archive.org/download/cbs-2000-09/2007/CBS052007DVD.7z,8116424184,01b3a88bd7d53d1b04de8bee4ae87e71acfca77c,CBS052007DVD,2007,DVD,68,45,23,30,published,one or more public game rows were recovered
cbs-2000-09,2007/CBS052007DVDGold.7z,https://archive.org/download/cbs-2000-09/2007/CBS052007DVDGold.7z,7199486710,aa3b751739bd28c39ee69863b19b5a069089a745,CBS052007DVDGold,2007,DVDGold,26,17,9,12,published,one or more public game rows were recovered
cbs-2000-09,2007/CBS062007DVD.7z,https://archive.org/download/cbs-2000-09/2007/CBS062007DVD.7z,7087224786,af7bba99e31630de73771ba78db1db8c612c1288,CBS062007DVD,2007,DVD,80,57,23,38,published,one or more public game rows were recovered
cbs-2000-09,2007/CBS062007DVDGold.7z,https://archive.org/download/cbs-2000-09/2007/CBS062007DVDGold.7z,8134566200,2f13056851143e9be7a768d63de00b63a6dafadf,CBS062007DVDGold,2007,DVDGold,22,13,9,7,published,one or more public game rows were recovered
cbs-2000-09,2007/CBS072007DVD.7z,https://archive.org/download/cbs-2000-09/2007/CBS072007DVD.7z,7335473222,6fafdedb730536e76599bac40be788f46e6a121d,CBS072007DVD,2007,DVD,86,60,26,39,published,one or more public game rows were recovered
cbs-2000-09,2007/CBS072007DVDGold.7z,https://archive.org/download/cbs-2000-09/2007/CBS072007DVDGold.7z,5614754330,d4187949192ee98b9e06e4da98428f1af2fca4f4,CBS072007DVDGold,2007,DVDGold,26,15,11,10,published,one or more public game rows were recovered
cbs-2000-09,2007/CBS082007DVD.7z,https://archive.org/download/cbs-2000-09/2007/CBS082007DVD.7z,7662692854,a5c0f1554f7df00be8b79a9ea3e4c9e0d4382f17,CBS082007DVD,2007,DVD,69,41,28,27,published,one or more public game rows were recovered
cbs-2000-09,2007/CBS082007DVDBonus.7z,https://archive.org/download/cbs-2000-09/2007/CBS082007DVDBonus.7z,4017731422,4fd56ca4c51b2e4ecddab2b1ce372d731cb8e31a,CBS082007DVDBonus,2007,DVDBonus,197,180,17,177,published,one or more public game rows were recovered
cbs-2000-09,2007/CBS082007DVDGold.7z,https://archive.org/download/cbs-2000-09/2007/CBS082007DVDGold.7z,5803536743,4d656589aa57c5b3c28da7037a47c45ca3ebe5e8,CBS082007DVDGold,2007,DVDGold,38,21,17,14,published,one or more public game rows were recovered
cbs-2000-09,2007/CBS092007DVD.7z,https://archive.org/download/cbs-2000-09/2007/CBS092007DVD.7z,6769818083,e389e169a0468817b5598269d484e6ff79221ea0,CBS092007DVD,2007,DVD,111,75,36,31,published,one or more public game rows were recovered
cbs-2000-09,2007/CBS092007DVDGold.7z,https://archive.org/download/cbs-2000-09/2007/CBS092007DVDGold.7z,6513740091,302efb525a95e93a0acafda49013a0e3cc21a9b8,CBS092007DVDGold,2007,DVDGold,31,19,12,10,published,one or more public game rows were recovered
cbs-2000-09,2007/CBS102007DVD.7z,https://archive.org/download/cbs-2000-09/2007/CBS102007DVD.7z,7720060036,98bb88e74dfb831ae8337445d5795c2c8f5d3935,CBS102007DVD,2007,DVD,112,68,44,18,published,one or more public game rows were recovered
cbs-2000-09,2007/CBS102007DVDGold.7z,https://archive.org/download/cbs-2000-09/2007/CBS102007DVDGold.7z,6689198495,8b4b53ec203445c4e467ffb8f1f77eaa5dc3e85a,CBS102007DVDGold,2007,DVDGold,29,15,14,6,published,one or more public game rows were recovered
cbs-2000-09,2007/CBS112007DVD.7z,https://archive.org/download/cbs-2000-09/2007/CBS112007DVD.7z,7588968846,918d3fc6692102f06446cfd25da027528bcb2703,CBS112007DVD,2007,DVD,106,55,51,18,published,one or more public game rows were recovered
cbs-2000-09,2007/CBS112007DVDGold.7z,https://archive.org/download/cbs-2000-09/2007/CBS112007DVDGold.7z,7663600081,74cf416fcb503a60a3e2e8c8e7a8019dbf9a2d2a,CBS112007DVDGold,2007,DVDGold,17,8,9,2,published,one or more public game rows were recovered
cbs-2000-09,2007/CBS122007DVD.7z,https://archive.org/download/cbs-2000-09/2007/CBS122007DVD.7z,7953879723,7109194a345e5de68a0c3cef80bca09237a46830,CBS122007DVD,2007,DVD,103,60,43,20,published,one or more public game rows were recovered
cbs-2000-09,2007/CBS122007DVDGold.7z,https://archive.org/download/cbs-2000-09/2007/CBS122007DVDGold.7z,7782139651,38e80deadc139ae62c7e5eb9da3d8598cf8b779d,CBS122007DVDGold,2007,DVDGold,37,17,20,10,published,one or more public game rows were recovered
cbs-2000-09,2008/CBS012008DVD.7z,https://archive.org/download/cbs-2000-09/2008/CBS012008DVD.7z,8179811994,ea3786f3d117233adc954659d7a38d2a7c3c596b,CBS012008DVD,2008,DVD,89,57,32,19,published,one or more public game rows were recovered
cbs-2000-09,2008/CBS012008DVDGold.7z,https://archive.org/download/cbs-2000-09/2008/CBS012008DVDGold.7z,7988667472,307f1811882d261646501aeab7a6e66801e36914,CBS012008DVDGold,2008,DVDGold,43,23,20,8,published,one or more public game rows were recovered
cbs-2000-09,2008/CBS012008DVDSonder.7z,https://archive.org/download/cbs-2000-09/2008/CBS012008DVDSonder.7z,7755751576,b5e545f54f6b957a8487e4c4efdf52ee464e987a,CBS012008DVDSonder,2008,DVDSonder,37,20,17,11,published,one or more public game rows were recovered
cbs-2000-09,2008/CBS022008DVD.7z,https://archive.org/download/cbs-2000-09/2008/CBS022008DVD.7z,7219130677,8c3f38ba676b9f1999021f8d8daf978274837691,CBS022008DVD,2008,DVD,98,45,53,12,published,one or more public game rows were recovered
cbs-2000-09,2008/CBS022008DVDGold.7z,https://archive.org/download/cbs-2000-09/2008/CBS022008DVDGold.7z,7043618093,c0b447f8e4031d0109400427b576769138183a30,CBS022008DVDGold,2008,DVDGold,30,14,16,5,published,one or more public game rows were recovered
cbs-2000-09,2008/CBS032008DVD.7z,https://archive.org/download/cbs-2000-09/2008/CBS032008DVD.7z,7642700568,f071ad51c952259dec9f8d30c5fb9d2d5b53c094,CBS032008DVD,2008,DVD,83,47,36,10,published,one or more public game rows were recovered
cbs-2000-09,2008/CBS032008DVDGold.7z,https://archive.org/download/cbs-2000-09/2008/CBS032008DVDGold.7z,6832661467,c55f619912daac88a7cf15b6f2518bc26c974af0,CBS032008DVDGold,2008,DVDGold,25,13,12,4,published,one or more public game rows were recovered
cbs-2000-09,2008/CBS042008DVD.7z,https://archive.org/download/cbs-2000-09/2008/CBS042008DVD.7z,7732658575,54693fa3f061c540e1773b260abccb774f2f91e7,CBS042008DVD,2008,DVD,109,66,43,22,published,one or more public game rows were recovered
cbs-2000-09,2008/CBS042008DVDGold.7z,https://archive.org/download/cbs-2000-09/2008/CBS042008DVDGold.7z,8047513850,1203bd5ad837e2b9fcfb15b30a794d0b5e7b6c4a,CBS042008DVDGold,2008,DVDGold,38,14,24,5,published,one or more public game rows were recovered
cbs-2000-09,2008/CBS052008DVD.7z,https://archive.org/download/cbs-2000-09/2008/CBS052008DVD.7z,7039781778,d3b526e7f49091558389eaa3f314cca9d53787d6,CBS052008DVD,2008,DVD,116,74,42,21,published,one or more public game rows were recovered
cbs-2000-09,2008/CBS052008DVDGold.7z,https://archive.org/download/cbs-2000-09/2008/CBS052008DVDGold.7z,4321938263,4e531ba7e13f4e460a8e3594c17682a710881487,CBS052008DVDGold,2008,DVDGold,45,18,27,7,published,one or more public game rows were recovered
cbs-2000-09,2008/CBS062008DVD.7z,https://archive.org/download/cbs-2000-09/2008/CBS062008DVD.7z,6625629359,5ad8d689bbe0ec0bec5c43f5068746dd9eb3e8f0,CBS062008DVD,2008,DVD,111,67,44,21,published,one or more public game rows were recovered
cbs-2000-09,2008/CBS062008DVDGold.7z,https://archive.org/download/cbs-2000-09/2008/CBS062008DVDGold.7z,6414211379,eceeab3baff06abdaf9887e08875d9ab65510f42,CBS062008DVDGold,2008,DVDGold,30,12,18,5,published,one or more public game rows were recovered
cbs-2000-09,2008/CBS072008DVD.7z,https://archive.org/download/cbs-2000-09/2008/CBS072008DVD.7z,6210205323,602ab376b8ef7e0ad39e4219f3590d7f943927e5,CBS072008DVD,2008,DVD,112,69,43,20,published,one or more public game rows were recovered
cbs-2000-09,2008/CBS072008DVDGold.7z,https://archive.org/download/cbs-2000-09/2008/CBS072008DVDGold.7z,5894042886,3b3a1eed3141885814f783955b5c8ec4f4450801,CBS072008DVDGold,2008,DVDGold,38,20,18,6,published,one or more public game rows were recovered
cbs-2000-09,2008/CBS082008DVD.7z,https://archive.org/download/cbs-2000-09/2008/CBS082008DVD.7z,7368459645,43608d88f40c395c391e622f8f84aff19174b3fb,CBS082008DVD,2008,DVD,77,38,39,6,published,one or more public game rows were recovered
cbs-2000-09,2008/CBS082008DVDGold.7z,https://archive.org/download/cbs-2000-09/2008/CBS082008DVDGold.7z,6524752527,9b9aaeb27d983c348ebe45a224edf2bd88df4013,CBS082008DVDGold,2008,DVDGold,36,15,21,4,published,one or more public game rows were recovered
cbs-2000-09,2008/CBS092008DVD.7z,https://archive.org/download/cbs-2000-09/2008/CBS092008DVD.7z,7394778395,d7794361c79cf0629817a7fa576b4c95d1b1cd4f,CBS092008DVD,2008,DVD,97,59,38,18,published,one or more public game rows were recovered
cbs-2000-09,2008/CBS092008DVDGold.7z,https://archive.org/download/cbs-2000-09/2008/CBS092008DVDGold.7z,7163489103,a983b43173160d9c7bb07a5fb11a912f21aac513,CBS092008DVDGold,2008,DVDGold,50,23,27,13,published,one or more public game rows were recovered
cbs-2000-09,2008/CBS102008DVD.7z,https://archive.org/download/cbs-2000-09/2008/CBS102008DVD.7z,7434981752,86a1a4aaf0f6c49c4f2b212b90d25dc122b60b32,CBS102008DVD,2008,DVD,84,52,32,17,published,one or more public game rows were recovered
cbs-2000-09,2008/CBS102008DVDGold.7z,https://archive.org/download/cbs-2000-09/2008/CBS102008DVDGold.7z,7072526651,b56f865fc87d9925c3f9cd6d42e5281dd8cc240e,CBS102008DVDGold,2008,DVDGold,31,15,16,5,published,one or more public game rows were recovered
cbs-2000-09,2008/CBS112008DVD.7z,https://archive.org/download/cbs-2000-09/2008/CBS112008DVD.7z,6953736226,169dbc0b592ad153b6660c82a4403349259fdb1d,CBS112008DVD,2008,DVD,96,50,46,17,published,one or more public game rows were recovered
cbs-2000-09,2008/CBS112008DVDGold.7z,https://archive.org/download/cbs-2000-09/2008/CBS112008DVDGold.7z,7209882207,d718c9331a936b7d0bdb8356caa01a5c40b9af07,CBS112008DVDGold,2008,DVDGold,26,10,16,3,published,one or more public game rows were recovered
cbs-2000-09,2008/CBS122008DVD.7z,https://archive.org/download/cbs-2000-09/2008/CBS122008DVD.7z,7134681884,933a1065601dab0288257dde76a94d16b42ce0e5,CBS122008DVD,2008,DVD,95,44,51,10,published,one or more public game rows were recovered
cbs-2000-09,2008/CBS122008DVDGold.7z,https://archive.org/download/cbs-2000-09/2008/CBS122008DVDGold.7z,6874515115,e8608c73232bd9392fc6d6f84dcc7e2b56a68726,CBS122008DVDGold,2008,DVDGold,47,18,29,6,published,one or more public game rows were recovered
cbs-2000-09,2009/CBS012009DVD.7z,https://archive.org/download/cbs-2000-09/2009/CBS012009DVD.7z,7452188390,606c05e5b9b5f83df1f152f2516200af7f8a6b36,CBS012009DVD,2009,DVD,75,33,42,7,published,one or more public game rows were recovered
cbs-2000-09,2009/CBS012009DVDGold.7z,https://archive.org/download/cbs-2000-09/2009/CBS012009DVDGold.7z,6046728990,c4e5dc5557495cf64a72358cef5d3d0c92d5bbc0,CBS012009DVDGold,2009,DVDGold,30,13,17,3,published,one or more public game rows were recovered
cbs-2000-09,2009/CBS012009DVDSonder.7z,https://archive.org/download/cbs-2000-09/2009/CBS012009DVDSonder.7z,6549516178,f4d28b9e98f15ef78cd157ce3ad93cbc6a24ed6e,CBS012009DVDSonder,2009,DVDSonder,37,13,24,9,published,one or more public game rows were recovered
cbs-2000-09,2009/CBS022009DVD.7z,https://archive.org/download/cbs-2000-09/2009/CBS022009DVD.7z,7893329567,b09f4d6137e1551b1f5229d8669418c634656cd1,CBS022009DVD,2009,DVD,82,41,41,14,published,one or more public game rows were recovered
cbs-2000-09,2009/CBS022009DVDGold.7z,https://archive.org/download/cbs-2000-09/2009/CBS022009DVDGold.7z,7821314679,ec8c37094d537f9d590770635fefbbac966c53ff,CBS022009DVDGold,2009,DVDGold,27,13,14,3,published,one or more public game rows were recovered
cbs-2000-09,2009/CBS032009DVD.7z,https://archive.org/download/cbs-2000-09/2009/CBS032009DVD.7z,6865137501,76242696886cba6fc8439c704f76bdf034f939ce,CBS032009DVD,2009,DVD,108,47,61,14,published,one or more public game rows were recovered
cbs-2000-09,2009/CBS032009DVDGold.7z,https://archive.org/download/cbs-2000-09/2009/CBS032009DVDGold.7z,7603344394,12da34c3b86f919ee3be5a03904c7648fcd4fdd6,CBS032009DVDGold,2009,DVDGold,39,20,19,7,published,one or more public game rows were recovered
cbs-2000-09,2009/CBS042009DVD.7z,https://archive.org/download/cbs-2000-09/2009/CBS042009DVD.7z,5566972845,11377b9d0da3a1946834a2f5485b471258046aa4,CBS042009DVD,2009,DVD,87,41,46,10,published,one or more public game rows were recovered
cbs-2000-09,2009/CBS042009DVDGold.7z,https://archive.org/download/cbs-2000-09/2009/CBS042009DVDGold.7z,7088735896,a98b54975913bffd4d1ec1bb7b5cf80217a7c10f,CBS042009DVDGold,2009,DVDGold,39,21,18,3,published,one or more public game rows were recovered
cbs-2000-09,2009/CBS052009DVD.7z,https://archive.org/download/cbs-2000-09/2009/CBS052009DVD.7z,6379787342,e225205915fd57caa678fbd2fceb6d5e515ad76d,CBS052009DVD,2009,DVD,68,37,31,12,published,one or more public game rows were recovered
cbs-2000-09,2009/CBS052009DVDGold.7z,https://archive.org/download/cbs-2000-09/2009/CBS052009DVDGold.7z,7771809163,20a23c90e37f72e9aaa0beb9fd4bd1048101749a,CBS052009DVDGold,2009,DVDGold,33,15,18,4,published,one or more public game rows were recovered
cbs-2000-09,2009/CBS062009DVD.7z,https://archive.org/download/cbs-2000-09/2009/CBS062009DVD.7z,6611007008,4c1788fba5c6eda8a4b4232741b9bc3f411fdf1a,CBS062009DVD,2009,DVD,73,20,53,1,published,one or more public game rows were recovered
cbs-2000-09,2009/CBS062009DVDGold.7z,https://archive.org/download/cbs-2000-09/2009/CBS062009DVDGold.7z,4774004581,8f71f77a2ccc07fbd11be8547a14c94ca489a0dc,CBS062009DVDGold,2009,DVDGold,27,12,15,2,published,one or more public game rows were recovered
cbs-2000-09,2009/CBS072009DVD.7z,https://archive.org/download/cbs-2000-09/2009/CBS072009DVD.7z,7339069153,c645ebe5ea050992f3a8df960943dac397511a45,CBS072009DVD,2009,DVD,63,28,35,7,published,one or more public game rows were recovered
cbs-2000-09,2009/CBS072009DVDGold.7z,https://archive.org/download/cbs-2000-09/2009/CBS072009DVDGold.7z,7099636663,ae3122fc2bd2b4028aaf54001a34bad27de4906b,CBS072009DVDGold,2009,DVDGold,53,18,35,5,published,one or more public game rows were recovered
cbs-2000-09,2009/CBS082009DVD.7z,https://archive.org/download/cbs-2000-09/2009/CBS082009DVD.7z,8306155145,67770032f4835777e709b3328624fe20289c2950,CBS082009DVD,2009,DVD,61,24,37,4,published,one or more public game rows were recovered
cbs-2000-09,2009/CBS082009DVDGold.7z,https://archive.org/download/cbs-2000-09/2009/CBS082009DVDGold.7z,4602582649,4ccdfda2284e4846088bc7c4ee733d13dcd07603,CBS082009DVDGold,2009,DVDGold,41,8,33,0,unresolved_no_publishable_game,"raw candidates exist, but none survived publication; review is required"
cbs-2000-09,2009/CBS092009DVD.7z,https://archive.org/download/cbs-2000-09/2009/CBS092009DVD.7z,8004031607,f5abbe02993e861c1f891fc16665e8f0e0afc404,CBS092009DVD,2009,DVD,44,15,29,3,published,one or more public game rows were recovered
cbs-2000-09,2009/CBS092009DVDGold.7z,https://archive.org/download/cbs-2000-09/2009/CBS092009DVDGold.7z,7221158091,8f970c02e87979875f48c9ec56267c10b71ec0ea,CBS092009DVDGold,2009,DVDGold,28,14,14,3,published,one or more public game rows were recovered
cbs-2000-09,2009/CBS102009DVD.7z,https://archive.org/download/cbs-2000-09/2009/CBS102009DVD.7z,8055251537,9c73b9a5d7fd7642a438e15e973d3acbd1b15511,CBS102009DVD,2009,DVD,53,18,35,2,published,one or more public game rows were recovered
cbs-2000-09,2009/CBS102009DVDGold.7z,https://archive.org/download/cbs-2000-09/2009/CBS102009DVDGold.7z,7686996272,b2be239bd8338709a707fe142007742d1bc11bd5,CBS102009DVDGold,2009,DVDGold,27,15,12,1,published,one or more public game rows were recovered
cbs-2000-09,2009/CBS112009DVD.7z,https://archive.org/download/cbs-2000-09/2009/CBS112009DVD.7z,7435114786,8cfd0e00b35b05c2ecf3625b30a0ae0f6e0ec4a5,CBS112009DVD,2009,DVD,39,11,28,2,published,one or more public game rows were recovered
cbs-2000-09,2009/CBS112009DVDGold.7z,https://archive.org/download/cbs-2000-09/2009/CBS112009DVDGold.7z,7692660081,250bca639bd3de8c1550b0f557b34db1d871904d,CBS112009DVDGold,2009,DVDGold,26,11,15,3,published,one or more public game rows were recovered
cbs-2000-09,2009/CBS122009DVD.7z,https://archive.org/download/cbs-2000-09/2009/CBS122009DVD.7z,5604523705,6637d8f49f8c9580a78d5d7cd1fced6daa77d6d7,CBS122009DVD,2009,DVD,32,4,28,0,unresolved_no_publishable_game,"raw candidates exist, but none survived publication; review is required"
cbs-2000-09,2009/CBS122009DVDGold.7z,https://archive.org/download/cbs-2000-09/2009/CBS122009DVDGold.7z,8141387728,efa2e136c516a1afa655d86ce3126028f8d2fac3,CBS122009DVDGold,2009,DVDGold,27,0,27,0,unresolved_no_publishable_game,"raw candidates exist, but none survived publication; review is required"
cbs-2000-09,2010/CBS012010DVD.7z,https://archive.org/download/cbs-2000-09/2010/CBS012010DVD.7z,7674347177,59667d0a48fda93792f642a9c4241423fc79ffcc,CBS012010DVD,2010,DVD,6,2,4,1,published,one or more public game rows were recovered
cbs-2000-09,2010/CBS012010DVDGold.7z,https://archive.org/download/cbs-2000-09/2010/CBS012010DVDGold.7z,7543575976,09d43f84d97d5dc0f9eb9ad52990e2b73ace25c8,CBS012010DVDGold,2010,DVDGold,13,4,9,0,unresolved_no_publishable_game,"raw candidates exist, but none survived publication; review is required"
cbs-2000-09,2010/CBS022010DVD.7z,https://archive.org/download/cbs-2000-09/2010/CBS022010DVD.7z,7297580788,5eb419a31a258812ddfbb3d528d1ea347fbbe2bb,CBS022010DVD,2010,DVD,12,2,10,0,unresolved_no_publishable_game,"raw candidates exist, but none survived publication; review is required"
cbs-2000-09,2010/CBS022010DVDGold.7z,https://archive.org/download/cbs-2000-09/2010/CBS022010DVDGold.7z,7783132248,8922ebec83d86663c796bf5e9853463a65abf124,CBS022010DVDGold,2010,DVDGold,16,6,10,2,published,one or more public game rows were recovered
cbs-2000-09,2010/CBS032010DVD.7z,https://archive.org/download/cbs-2000-09/2010/CBS032010DVD.7z,6803936471,53e09bd3d62d9a1afcb67f73a5bac07e64a07121,CBS032010DVD,2010,DVD,20,4,16,0,unresolved_no_publishable_game,"raw candidates exist, but none survived publication; review is required"
cbs-2000-09,2010/CBS032010DVDGold.7z,https://archive.org/download/cbs-2000-09/2010/CBS032010DVDGold.7z,6501833425,d22ff7a19ab2838313ec3cc7bf23e2560056f75f,CBS032010DVDGold,2010,DVDGold,7,3,4,1,published,one or more public game rows were recovered
cbs-2000-09,2010/CBS042010DVD.7z,https://archive.org/download/cbs-2000-09/2010/CBS042010DVD.7z,6016248803,fb7a71d0ec1aa89f5ec3c8cc09f7048088b63c28,CBS042010DVD,2010,DVD,13,6,7,0,unresolved_no_publishable_game,"raw candidates exist, but none survived publication; review is required"
cbs-2000-09,2010/CBS042010DVDGold.7z,https://archive.org/download/cbs-2000-09/2010/CBS042010DVDGold.7z,7044772298,19c079577a70decefb17b164cdec47291028316e,CBS042010DVDGold,2010,DVDGold,28,6,22,0,unresolved_no_publishable_game,"raw candidates exist, but none survived publication; review is required"
cbs-2000-09,2010/CBS052010DVD.7z,https://archive.org/download/cbs-2000-09/2010/CBS052010DVD.7z,8089913381,7082bf26f0d62f5c846ce264e4df63616898db5e,CBS052010DVD,2010,DVD,3,0,3,0,unresolved_no_publishable_game,"raw candidates exist, but none survived publication; review is required"
cbs-2000-09,2010/CBS052010DVDGold.7z,https://archive.org/download/cbs-2000-09/2010/CBS052010DVDGold.7z,6602523636,528d13b3439ee21544f96a785e6b3affd40cc539,CBS052010DVDGold,2010,DVDGold,51,16,35,5,published,one or more public game rows were recovered
cbs-2000-09,2010/CBS062010DVD.7z,https://archive.org/download/cbs-2000-09/2010/CBS062010DVD.7z,5005871416,25bcb79ae1ab8a53d7eb3265b3b401c8f4b83b5c,CBS062010DVD,2010,DVD,13,4,9,0,unresolved_no_publishable_game,"raw candidates exist, but none survived publication; review is required"
cbs-2000-09,2010/CBS062010DVDGold.7z,https://archive.org/download/cbs-2000-09/2010/CBS062010DVDGold.7z,7000004927,dfbbe470b9125199c54c97fd3518ecc3559d0346,CBS062010DVDGold,2010,DVDGold,13,2,11,0,unresolved_no_publishable_game,"raw candidates exist, but none survived publication; review is required"
cbs-2000-09,2010/CBS072010DVD.7z,https://archive.org/download/cbs-2000-09/2010/CBS072010DVD.7z,8061363101,1ddefbd2789a65718b99962aadecf0ed84848748,CBS072010DVD,2010,DVD,13,4,9,1,published,one or more public game rows were recovered
cbs-2000-09,2010/CBS072010DVDGold.7z,https://archive.org/download/cbs-2000-09/2010/CBS072010DVDGold.7z,7902817142,f03634bb3bec7a464d7b29d5bcb080c1feab82e7,CBS072010DVDGold,2010,DVDGold,10,4,6,0,unresolved_no_publishable_game,"raw candidates exist, but none survived publication; review is required"
cbs-2000-09,2010/CBS082010DVD.7z,https://archive.org/download/cbs-2000-09/2010/CBS082010DVD.7z,7256121875,087391fc8c5170c85954de60cb75c993e65f6f55,CBS082010DVD,2010,DVD,15,5,10,0,unresolved_no_publishable_game,"raw candidates exist, but none survived publication; review is required"
cbs-2000-09,2010/CBS082010DVDGold.7z,https://archive.org/download/cbs-2000-09/2010/CBS082010DVDGold.7z,5808388039,21e94901d3809f9155402d8961b2e9fb8efb25e4,CBS082010DVDGold,2010,DVDGold,8,3,5,0,unresolved_no_publishable_game,"raw candidates exist, but none survived publication; review is required"
cbs-2000-09,2010/CBS092010DVD.7z,https://archive.org/download/cbs-2000-09/2010/CBS092010DVD.7z,4824184934,65f182b50329d482f73ab69dec7c13c7c17b7b9f,CBS092010DVD,2010,DVD,15,5,10,0,unresolved_no_publishable_game,"raw candidates exist, but none survived publication; review is required"
cbs-2000-09,2010/CBS092010DVDGold.7z,https://archive.org/download/cbs-2000-09/2010/CBS092010DVDGold.7z,5895904962,e226b6ef23f292e3064976c845859aabc88d3a07,CBS092010DVDGold,2010,DVDGold,8,4,4,0,unresolved_no_publishable_game,"raw candidates exist, but none survived publication; review is required"
cbs-2000-09,2010/CBS102010DVD.7z,https://archive.org/download/cbs-2000-09/2010/CBS102010DVD.7z,7019150240,e6beb87f640e67bf94dbcfc0a7e67b6810583198,CBS102010DVD,2010,DVD,14,4,10,0,unresolved_no_publishable_game,"raw candidates exist, but none survived publication; review is required"
cbs-2000-09,2010/CBS102010DVDGold.7z,https://archive.org/download/cbs-2000-09/2010/CBS102010DVDGold.7z,8114982459,379bfffeb819cef80f9240e0a39932d0cd466840,CBS102010DVDGold,2010,DVDGold,18,3,15,0,unresolved_no_publishable_game,"raw candidates exist, but none survived publication; review is required"
cbs-2000-09,2010/CBS112010DVD.7z,https://archive.org/download/cbs-2000-09/2010/CBS112010DVD.7z,6490400571,6705dcd61fbf3dfc8cc28ace3b0c6159ee4c4ef8,CBS112010DVD,2010,DVD,14,3,11,0,unresolved_no_publishable_game,"raw candidates exist, but none survived publication; review is required"
cbs-2000-09,2010/CBS112010DVDGold.7z,https://archive.org/download/cbs-2000-09/2010/CBS112010DVDGold.7z,6242382047,8c454a46b915464b2dbf1aaae8a0a6831b8db436,CBS112010DVDGold,2010,DVDGold,7,2,5,0,unresolved_no_publishable_game,"raw candidates exist, but none survived publication; review is required"
cbs-2000-09,2010/CBS122010DVD.7z,https://archive.org/download/cbs-2000-09/2010/CBS122010DVD.7z,5735846187,2993733c87bf323fb79f83a2af41dce890ad57e0,CBS122010DVD,2010,DVD,17,3,14,2,published,one or more public game rows were recovered
cbs-2000-09,2010/CBS122010DVDGold.7z,https://archive.org/download/cbs-2000-09/2010/CBS122010DVDGold.7z,8024180330,2de0d09ac5e40eeaa0eec5fc164c1de355bf520c,CBS122010DVDGold,2010,DVDGold,9,2,7,1,published,one or more public game rows were recovered
