game_id,normalized_title,representative_title,match_status,semantic_match_status,lookup_status,match_confidence,failure_reason,candidate_1_title,candidate_1_url,candidate_2_title,candidate_2_url,candidate_3_title,candidate_3_url
007einquantumtrost,007 ein quantum trost,007 Ein Quantum Trost,ambiguous,ambiguous,complete,low,ambiguous_source_alias; multiple plausible Wikipedia search results; demoted_weak_alias_match,James Bond 007: Ein Quantum Trost,https://de.wikipedia.org/wiki/James_Bond_007%3A_Ein_Quantum_Trost,,,,
18wheelsofsteelhaulin,18 wheels of steel haulin,18 Wheels of Steel Haulin,ambiguous,ambiguous,complete,low,ambiguous_source_alias; multiple plausible Wikipedia search results; demoted_weak_alias_match,18 Wheels of Steel,https://en.wikipedia.org/wiki/18_Wheels_of_Steel,,,,
avampyrestory,a vampyre story,A Vampyre Story,ambiguous,ambiguous,complete,low,ambiguous_source_alias; multiple plausible Wikimedia entities; demoted_weak_alias_match,Q108371670,https://www.wikidata.org/wiki/Q108371670,A Vampyre Story,https://en.wikipedia.org/wiki/A_Vampyre_Story,Q135064164,https://www.wikidata.org/wiki/Q135064164
ablaze,ablaze,Ablaze,ambiguous,ambiguous,complete,low,ambiguous_source_alias; multiple plausible Wikimedia entities; demoted_weak_alias_match,Q124362090,https://www.wikidata.org/wiki/Q124362090,Q74896515,https://www.wikidata.org/wiki/Q74896515,Cypronia,https://de.wikipedia.org/wiki/Cypronia
actuasoccer2,actua soccer 2,Actua Soccer 2,ambiguous,ambiguous,complete,low,ambiguous_source_alias; multiple plausible Wikimedia entities; demoted_weak_alias_match,Q122380164,https://www.wikidata.org/wiki/Q122380164,Actua Soccer 2,https://en.wikipedia.org/wiki/Actua_Soccer_2,,
ageofconan,age of conan,Age of Conan,ambiguous,ambiguous,complete,low,ambiguous_source_alias; multiple plausible Wikimedia entities; demoted_weak_alias_match,Q108370508,https://www.wikidata.org/wiki/Q108370508,Age of Conan,https://en.wikipedia.org/wiki/Age_of_Conan,Age of Conan: Rise of the Godslayer,https://en.wikipedia.org/wiki/Age_of_Conan%3A_Rise_of_the_Godslayer
ageofmythology,age of mythology,Age of Mythology,ambiguous,ambiguous,complete,low,ambiguous_source_alias; multiple plausible Wikimedia entities; demoted_weak_alias_match,Q108370509,https://www.wikidata.org/wiki/Q108370509,Age of Mythology,https://en.wikipedia.org/wiki/Age_of_Mythology,Q126522778,https://www.wikidata.org/wiki/Q126522778
agonthelostswordoftoledo,agon the lost sword of toledo,Agon The Lost Sword of Toledo,ambiguous,ambiguous,complete,low,ambiguous_source_alias; multiple plausible Wikipedia search results; demoted_weak_alias_match,AGON,https://en.wikipedia.org/wiki/AGON,,,,
airconflicts,air conflicts,Air Conflicts,ambiguous,ambiguous,complete,low,ambiguous_source_alias; multiple plausible Wikimedia entities; demoted_weak_alias_match,Air Conflicts,https://en.wikipedia.org/wiki/Air_Conflicts,Air Conflicts,https://fr.wikipedia.org/wiki/Air_Conflicts,Q127414403,https://www.wikidata.org/wiki/Q127414403
alanwake,alan wake,Alan Wake,ambiguous,ambiguous,complete,low,ambiguous_source_alias; multiple plausible Wikimedia entities; demoted_weak_alias_match,Alan Wake,https://en.wikipedia.org/wiki/Alan_Wake,Alan Wake (серия игр),https://ru.wikipedia.org/wiki/Alan_Wake_%28%D1%81%D0%B5%D1%80%D0%B8%D1%8F_%D0%B8%D0%B3%D1%80%29,Alan Wake's American Nightmare,https://en.wikipedia.org/wiki/Alan_Wake%27s_American_Nightmare
alexander,alexander,Alexander,ambiguous,ambiguous,complete,low,ambiguous_source_alias; multiple plausible Wikimedia entities; demoted_weak_alias_match,Q110476362,https://www.wikidata.org/wiki/Q110476362,Q23852288,https://www.wikidata.org/wiki/Q23852288,Alexander,https://en.wikipedia.org/wiki/Alexander
alienarena,alien arena,Alien Arena,ambiguous,ambiguous,complete,low,ambiguous_source_alias; multiple plausible Wikimedia entities; demoted_weak_alias_match,Alien Arena,https://en.wikipedia.org/wiki/Alien_Arena,Alien Arena,https://ru.wikipedia.org/wiki/Alien_Arena,Q104837525,https://www.wikidata.org/wiki/Q104837525
alienshooter,alien shooter,Alien Shooter,ambiguous,ambiguous,complete,low,ambiguous_source_alias; multiple plausible Wikimedia entities; demoted_weak_alias_match,Q108370524,https://www.wikidata.org/wiki/Q108370524,Alien Shooter,https://en.wikipedia.org/wiki/Alien_Shooter,Q122376667,https://www.wikidata.org/wiki/Q122376667
alienshooter2,alien shooter 2,Alien Shooter 2,ambiguous,ambiguous,complete,low,ambiguous_source_alias; multiple plausible Wikimedia entities; demoted_weak_alias_match,Q122365564,https://www.wikidata.org/wiki/Q122365564,Q122367735,https://www.wikidata.org/wiki/Q122367735,Q124062898,https://www.wikidata.org/wiki/Q124062898
alienspinball,aliens pinball,Aliens Pinball,ambiguous,ambiguous,complete,low,ambiguous_source_alias; multiple plausible Wikipedia search results; demoted_weak_alias_match,Pinball,https://en.wikipedia.org/wiki/Pinball,,,,
america,america,America,ambiguous,ambiguous,complete,low,ambiguous_source_alias; multiple plausible Wikimedia entities; demoted_weak_alias_match,America (band),https://en.wikipedia.org/wiki/America_%28band%29,America (beetle),https://en.wikipedia.org/wiki/America_%28beetle%29,United States,https://en.wikipedia.org/wiki/United_States
americanconquestfightback,american conquest fight back,American Conquest Fight Back,ambiguous,ambiguous,complete,low,ambiguous_source_alias; multiple plausible Wikipedia search results; demoted_weak_alias_match,American Conquest,https://en.wikipedia.org/wiki/American_Conquest,,,,
anstoss,anstoss,Anstoss,ambiguous,ambiguous,complete,low,ambiguous_source_alias; multiple plausible Wikipedia search results; demoted_weak_alias_match,Anstoss,https://de.wikipedia.org/wiki/Anstoss,,,,
anstossedition,anstoss edition,Anstoss Edition,ambiguous,ambiguous,complete,low,ambiguous_source_alias; multiple plausible Wikipedia search results; demoted_weak_alias_match,Anstoss,https://de.wikipedia.org/wiki/Anstoss,,,,
arenawars,arena wars,Arena Wars,ambiguous,ambiguous,complete,low,ambiguous_source_alias; multiple plausible Wikimedia entities; demoted_weak_alias_match,Q108370551,https://www.wikidata.org/wiki/Q108370551,Arena Wars,https://en.wikipedia.org/wiki/Arena_Wars,Q124063131,https://www.wikidata.org/wiki/Q124063131
arenawarsreloaded,arena wars reloaded,Arena Wars Reloaded,ambiguous,ambiguous,complete,low,ambiguous_source_alias; multiple plausible Wikipedia search results; demoted_weak_alias_match,Arena Wars,https://en.wikipedia.org/wiki/Arena_Wars,,,,
armedassault,armed assault,Armed Assault,ambiguous,ambiguous,complete,low,ambiguous_source_alias; multiple plausible Wikimedia entities; demoted_weak_alias_match,Arma 2,https://en.wikipedia.org/wiki/Arma_2,Arma: Armed Assault,https://en.wikipedia.org/wiki/Arma%3A_Armed_Assault,,
armoredcore,armored core,Armored Core,ambiguous,ambiguous,complete,low,ambiguous_source_alias; multiple plausible Wikimedia entities; demoted_weak_alias_match,Armored Core,https://en.wikipedia.org/wiki/Armored_Core,Armored Core (video game),https://en.wikipedia.org/wiki/Armored_Core_%28video_game%29,Armored Core 4,https://en.wikipedia.org/wiki/Armored_Core_4
armyoftwo,armyof two,Armyof Two,ambiguous,ambiguous,complete,low,ambiguous_source_alias; multiple plausible Wikipedia search results; demoted_weak_alias_match,Army of Two,https://en.wikipedia.org/wiki/Army_of_Two,,,,
assaultheroes,assault heroes,Assault Heroes,ambiguous,ambiguous,complete,low,ambiguous_source_alias; multiple plausible Wikimedia entities; demoted_weak_alias_match,Q108370555,https://www.wikidata.org/wiki/Q108370555,Assault Heroes,https://en.wikipedia.org/wiki/Assault_Heroes,Assault Heroes 2,https://en.wikipedia.org/wiki/Assault_Heroes_2
asterixobelixxxl2,asterix obelix xxl 2,Asterix Obelix XXL 2,ambiguous,ambiguous,complete,low,ambiguous_source_alias; multiple plausible Wikipedia search results; demoted_weak_alias_match,Asterix,https://de.wikipedia.org/wiki/Asterix,,,,
atlantisevolution,atlantis evolution,Atlantis Evolution,ambiguous,ambiguous,complete,low,ambiguous_source_alias; multiple plausible Wikimedia entities; demoted_weak_alias_match,Atlantis Evolution,https://en.wikipedia.org/wiki/Atlantis_Evolution,Atlantis: The Lost Tales,https://en.wikipedia.org/wiki/Atlantis%3A_The_Lost_Tales,Q105857433,https://www.wikidata.org/wiki/Q105857433
