game_id,normalized_title,representative_title,match_status,semantic_match_status,lookup_status,match_confidence,failure_reason,search_variants
2ritteraufdersuchenachderhinreissendenherzelinde,2 ritter auf der suche nach der hinreissenden herzelinde,2 Ritter - Auf der Suche nach der hinreißenden Herzelinde,pending,unknown,not_attempted,,unmatched_source_alias; demoted_weak_alias_match; reference_lookup_not_cached,2 Ritter - Auf der Suche nach der hinreißenden Herzelinde
agamewithakitty,a gamewitha kitty,A Gamewitha Kitty,pending,unknown,not_attempted,,unmatched_source_alias; demoted_weak_alias_match; reference_lookup_not_cached,AGamewitha Kitty
adashstadtdermagiekapitel11,adash stadt der magie kapitel 11,Adash - Stadt der Magie - Kapitel 11,pending,unknown,not_attempted,,unmatched_source_alias; demoted_weak_alias_match; reference_lookup_not_cached,Adash - Stadt der Magie - Kapitel 11
agathachristieunddanngabskeinesmehr,agatha christie unddanngabskeinesmehr,Agatha Christie Unddanngabskeinesmehr,pending,unknown,not_attempted,,unmatched_source_alias; demoted_weak_alias_match; reference_lookup_not_cached,Agatha Christie Unddanngabskeinesmehrv
ageofempires3,age of empires 3,Age Of Empires 3,pending,unknown,not_attempted,,unmatched_source_alias; demoted_weak_alias_match; reference_lookup_not_cached,Age of Empires 3 v 1 01a; Age of Empires 3 v 1; Age Of Empires 3 v 1 1
ageofconanhyborianadventures,age of conan hyborian adventures,Age of Conan Hyborian Adventures,pending,unknown,not_attempted,,unmatched_source_alias; demoted_weak_alias_match; reference_lookup_not_cached,Ageof Conan Hyborian Adventures
ageofempires,age of empires,Age of Empires,pending,unknown,not_attempted,,unmatched_source_alias; demoted_weak_alias_match; reference_lookup_not_cached,Ageof Empiresv
ageofempires3theasiandynasties,age of empires 3 the asian dynasties,Age of Empires 3 The Asian Dynasties,pending,unknown,not_attempted,,unmatched_source_alias; demoted_weak_alias_match; reference_lookup_not_cached,Ageof Empires3 The Asian Dynastiesv101a
ageofempiresageofdiscovery,age of empires age of discovery,Age of Empires Age of Discovery,pending,unknown,not_attempted,,unmatched_source_alias; demoted_weak_alias_match; reference_lookup_not_cached,Ageof Empires Ageof Discoveryv
ageofempires3thewarchiefs,age of empires iii the warchiefs,Age of Empires III: The WarChiefs,pending,unknown,not_attempted,,unmatched_source_alias; demoted_weak_alias_match; reference_lookup_not_cached,Ageof Empires The War Chiefs; Ageof Empires The Warchiefsv; Ageof Empires3 The Warchiefsv104a
airstrike3d2,air strike 3 d 2,Air Strike 3 D 2,pending,unknown,not_attempted,,unmatched_source_alias; demoted_weak_alias_match; reference_lookup_not_cached,Air Strike 3 D 2
airbusa380excellentedition,airbus a380 excellent edition,Airbus A380 Excellent Edition,pending,unknown,not_attempted,,unmatched_source_alias; demoted_weak_alias_match; reference_lookup_not_cached,Airbus A380 Excellent Edition
alarmfrcobra11crashtime,alarmfr cobra 11 crash time,Alarmfr Cobra 11 Crash Time,pending,unknown,not_attempted,,unmatched_source_alias; demoted_weak_alias_match; reference_lookup_not_cached,Alarmfr Cobra11 Crash Timev111
aloneinthedark,alonein the dark 0,Alonein The Dark 0,pending,unknown,not_attempted,,unmatched_source_alias; demoted_weak_alias_match; reference_lookup_not_cached,Aloneinthe Dark; Alonein The Dark0; Alonein The Dark
ankh,ankh,Ankh,pending,unknown,not_attempted,,unmatched_source_alias; demoted_weak_alias_match; reference_lookup_not_cached,Ankh
ankhheartofosiris,ankh heart of osiris,Ankh: Heart of Osiris,pending,unknown,not_attempted,,unmatched_source_alias; demoted_weak_alias_match; reference_lookup_not_cached,Ankh: Heart of Osiris
anno1602,anno 1602,Anno 1602,pending,unknown,not_attempted,,unmatched_source_alias; demoted_weak_alias_match; reference_lookup_not_cached,Anno 1602
anno1701derfluchdesdrachenaddon,anno 1701 der fluchdes drachen add on,Anno 1701 Der Fluchdes Drachen Add On,pending,unknown,not_attempted,,unmatched_source_alias; demoted_weak_alias_match; reference_lookup_not_cached,Anno1701 Der Fluchdes Drachen Add On
anotherworldthanniversaryedition,another worldth anniversary edition,Another Worldth Anniversary Edition,pending,unknown,not_attempted,,unmatched_source_alias; demoted_weak_alias_match; reference_lookup_not_cached,Another Worldth Anniversary Edition
ansto,ansto,Ansto,pending,unknown,not_attempted,,unmatched_source_alias; demoted_weak_alias_match; reference_lookup_not_cached,Anstov
augustus,augustus,Augustus,pending,unknown,needs_candidate_refresh,,ambiguous_source_alias; demoted_weak_alias_match; candidate_evidence_missing,Augustus
auradieheiligenringe,aura die heiligen ringe,Aura Die heiligen Ringe,pending,unknown,not_attempted,,unmatched_source_alias; demoted_weak_alias_match; reference_lookup_not_cached,Aura Dieheiligen Ringe
avencastriseofamage,avencast rise of a mage,Avencast Rise of a Mage,pending,unknown,not_attempted,,unmatched_source_alias; demoted_weak_alias_match; reference_lookup_not_cached,Avencast Riseofa Mage
bdflmanager,bdfl manager,BDFL Manager,pending,unknown,not_attempted,,unmatched_source_alias; demoted_weak_alias_match; reference_lookup_not_cached,BDFLManager
bmwm3challenge,bmwm 3 challenge,BMWM 3 Challenge,pending,unknown,not_attempted,,unmatched_source_alias; demoted_weak_alias_match; reference_lookup_not_cached,BMWM3 Challenge; BMW M3 Challenge
baldursgatelegendenderschwertkuste,baldurs gate legenden der schwertkuste,Baldurs Gate Legenden der Schwertküste,pending,unknown,not_attempted,,unmatched_source_alias; demoted_weak_alias_match; reference_lookup_not_cached,Baldurs Gate Legendender Schwertkste; Baldur's Gate Legenden der Schwertküste
biathlon2006,biathlon 2006,Biathlon 2006,pending,unknown,not_attempted,,unmatched_source_alias; demoted_weak_alias_match; reference_lookup_not_cached,Biathlon 2006
bigpizzaskichallenge09deutschlandedition,big pizza ski challenge 09 deutschland edition,Big Pizza Ski Challenge 09 Deutschland Edition,pending,unknown,not_attempted,,unmatched_source_alias; demoted_weak_alias_match; reference_lookup_not_cached,Big Pizza Ski Challenge 09 Deutschland Edition
bitdefenderfree10,bit defender free 10,Bit Defender Free 10,pending,unknown,not_attempted,,unmatched_source_alias; demoted_weak_alias_match; reference_lookup_not_cached,Bit Defender Free10
blazingangelssquadronsofwwv,blazing angels squadrons of w wv,Blazing Angels Squadrons Of W Wv,pending,unknown,not_attempted,,unmatched_source_alias; demoted_weak_alias_match; reference_lookup_not_cached,Blazing Angels Squadrons Of WWv; Blazing Angels Squadronsof WWv
blitzkrieg,blitzkrieg,Blitzkrieg,pending,unknown,not_attempted,,unmatched_source_alias; demoted_weak_alias_match; reference_lookup_not_cached,Blitzkriegv
brothersinarmsearnedinblood,brothersin arms earnedin blood,Brothersin Arms Earnedin Blood,pending,unknown,not_attempted,,unmatched_source_alias; demoted_weak_alias_match; reference_lookup_not_cached,Brothersin Arms Earnedin Bloodv
cbsspezial,cbs spezial,CBS Spezial,pending,unknown,not_attempted,,unmatched_source_alias; demoted_weak_alias_match; reference_lookup_not_cached,CBSSpezial
cpucool,cpu cool,CPU Cool,pending,unknown,not_attempted,,unmatched_source_alias; demoted_weak_alias_match; reference_lookup_not_cached,CPUCool
csicrimesceneinvestigationmordindimensionen,csi crime scene investigation mordin dimensionen,CSI Crime Scene Investigation Mordin Dimensionen,pending,unknown,not_attempted,,unmatched_source_alias; demoted_weak_alias_match; reference_lookup_not_cached,CSICrime Scene Investigation Mordin Dimensionen
cyceknadnewgame,cycek nad new game,CYCEK NAD NEW GAME,pending,unknown,not_attempted,,unmatched_source_alias; demoted_weak_alias_match; reference_lookup_not_cached,CYCEK NAD NEW GAME
callofduty,callof duty,Callof Duty,pending,unknown,not_attempted,,unmatched_source_alias; demoted_weak_alias_match; reference_lookup_not_cached,Callof Dutyv
citylifeandupdateaufcitylife2008,city life and update auf city life 2008,City Life & Update auf City Life 2008,pending,unknown,not_attempted,,unmatched_source_alias; demoted_weak_alias_match; reference_lookup_not_cached,City Life & Update auf City Life 2008; City Life Updateauf City Life2008
civilization,civilization,Civilization,pending,unknown,not_attempted,,unmatched_source_alias; demoted_weak_alias_match; reference_lookup_not_cached,Civilizationv
clivebarkersjericho,clive barkers jericho,Clive Barkers Jericho,pending,unknown,not_attempted,,unmatched_source_alias; demoted_weak_alias_match; reference_lookup_not_cached,Clive Barkers Jericho
clubfootball2005,club football 2005,Club Football 2005,pending,unknown,not_attempted,,unmatched_source_alias; demoted_weak_alias_match; reference_lookup_not_cached,Club Football 2005
coldblood,cold blood,Cold Blood,pending,unknown,needs_candidate_refresh,,ambiguous_source_alias; demoted_weak_alias_match; candidate_evidence_missing,Cold Blood
coldwarcrisis1,cold war crisis 1,Cold War Crisis 1,pending,unknown,needs_candidate_refresh,,ambiguous_source_alias; demoted_weak_alias_match; candidate_evidence_missing,Cold War Crisis 1
colinmcraedirt,colin mc rae dirt,Colin Mc Rae Dirt,pending,unknown,not_attempted,,unmatched_source_alias; demoted_weak_alias_match; reference_lookup_not_cached,Colin Mc Rae Dirt; Colin Mc Rae Dirtv11
colinmcraerally2005,colin mc rae rally 2005,Colin Mc Rae Rally 2005,pending,unknown,not_attempted,,unmatched_source_alias; demoted_weak_alias_match; reference_lookup_not_cached,Colin Mc Rae Rally 2005
combatflightsimulator,combat flight simulator,Combat Flight Simulator,pending,unknown,needs_candidate_refresh,,ambiguous_source_alias; demoted_weak_alias_match; candidate_evidence_missing,Combat Flight Simulator
commandandconquer3tiberiumwarskane,command and conquer 3 tiberium wars kane,Command & Conquer 3 Tiberium Wars Kane,pending,unknown,not_attempted,,unmatched_source_alias; demoted_weak_alias_match; reference_lookup_not_cached,Command Conquer3 Tiberium Wars Kanev105; Command & Conquer 3 Tiberium Wars (Kane) v 1
commandandconquer3tiberiumwarssdkv20,command and conquer 3 tiberium wars sd kv 20,Command & Conquer 3 Tiberium Wars SD Kv 20,pending,unknown,not_attempted,,unmatched_source_alias; demoted_weak_alias_match; reference_lookup_not_cached,Command Conquer3 Tiberium Wars SDKv20
commandandconquer3tiberiumwarsstandard,command and conquer 3 tiberium wars standard,Command & Conquer 3 Tiberium Wars Standard,pending,unknown,not_attempted,,unmatched_source_alias; demoted_weak_alias_match; reference_lookup_not_cached,Command Conquer3 Tiberium Wars Standardv105; Command & Conquer 3 Tiberium Wars (Standard) v 1
commandandconquer3tiberiumwars,command and conquer 3 tiberium wars,Command & Conquer 3: Tiberium Wars,pending,unknown,not_attempted,,unmatched_source_alias; demoted_weak_alias_match; reference_lookup_not_cached,Command Conquer Tiberium Wars; Command Conquer Tiberium Warsv; Command & Conquer 3 Tiberium Wars v 1 0
commandandconqueralarmstuferot3,command and conquer alarmstufe rot 3,Command & Conquer Alarmstufe Rot 3,pending,unknown,not_attempted,,unmatched_source_alias; demoted_weak_alias_match; reference_lookup_not_cached,Command & Conquer - Alarmstufe Rot 3 v 1; Command & Conquer Alarmstufe Rot 3
commandandconquerdieerstenjahre,command and conquer dieersten jahre,Command & Conquer Dieersten Jahre,pending,unknown,not_attempted,,unmatched_source_alias; demoted_weak_alias_match; reference_lookup_not_cached,Command Conquer Dieersten Jahrev
commandandconquer,command and conquer,Command and Conquer,pending,unknown,needs_candidate_refresh,,ambiguous_source_alias; demoted_weak_alias_match; candidate_evidence_missing,Command and Conquer; Commandand Conquer
cossacks2napoleonicwars,cossacks 2 napoleonic wars,Cossacks 2 Napoleonic Wars,pending,unknown,needs_candidate_refresh,,ambiguous_source_alias; demoted_weak_alias_match; candidate_evidence_missing,Cossacks 2 Napoleonic Wars
cossacksbacktowar,cossacks back to war,Cossacks Back to War,pending,unknown,needs_candidate_refresh,,ambiguous_source_alias; demoted_weak_alias_match; candidate_evidence_missing,Cossacks Back to War
crazyfrogracerfeattheannoyingthing,crazy frog racer feat the annoying thing,Crazy Frog Racer Feat The Annoying Thing,pending,unknown,needs_candidate_refresh,,ambiguous_source_alias; demoted_weak_alias_match; candidate_evidence_missing,Crazy Frog Racer Feat The Annoying Thing
crazymachines,crazy machines,Crazy Machines,pending,unknown,needs_candidate_refresh,,ambiguous_source_alias; demoted_weak_alias_match; candidate_evidence_missing,Crazy Machines
crazymachines2cm,crazy machines2 cm,Crazy Machines2 cm,pending,unknown,not_attempted,,unmatched_source_alias; demoted_weak_alias_match; reference_lookup_not_cached,Crazy Machines2cm
crysis,crysis,Crysis,pending,unknown,needs_candidate_refresh,,ambiguous_source_alias; demoted_weak_alias_match; candidate_evidence_missing,Crysis v 1; Crysisv11; Crysis
dslmanager,dsl manager,DSL Manager,pending,unknown,not_attempted,,unmatched_source_alias; demoted_weak_alias_match; reference_lookup_not_cached,DSLManager
dvdhllenzumausdrucken,dvd hllenzum ausdrucken,DVD Hllenzum Ausdrucken,pending,unknown,not_attempted,,unmatched_source_alias; demoted_weak_alias_match; reference_lookup_not_cached,DVDHllenzum Ausdrucken
dvdhuellezumdrucken,dvd huellezum drucken,DVD Huellezum Drucken,pending,unknown,not_attempted,,unmatched_source_alias; demoted_weak_alias_match; reference_lookup_not_cached,DVDHuellezum Drucken
dxball,dx ball,DX Ball,pending,unknown,not_attempted,,unmatched_source_alias; demoted_weak_alias_match; reference_lookup_not_cached,DXBall
darkageofcamelot,dark age of camelot,Dark Age of Camelot,pending,unknown,needs_candidate_refresh,,ambiguous_source_alias; demoted_weak_alias_match; candidate_evidence_missing,Dark Age of Camelot
darkageofcamelotshroudedisles,dark age of camelot shrouded isles,Dark Age of Camelot + Shrouded Isles,pending,unknown,needs_candidate_refresh,,ambiguous_source_alias; demoted_weak_alias_match; candidate_evidence_missing,Dark Age of Camelot + Shrouded Isles
darkmessiahofmightmagic,dark messiahof might magic,Dark Messiahof Might Magic,pending,unknown,not_attempted,,unmatched_source_alias; demoted_weak_alias_match; reference_lookup_not_cached,Dark Messiahof Might Magicv
darkmessiahofmightandmagic,dark messiahof mightand magic,Dark Messiahof Mightand Magic,pending,unknown,not_attempted,,unmatched_source_alias; demoted_weak_alias_match; reference_lookup_not_cached,Dark Messiahof Mightand Magicv
dasgeheimnisdervergessenenhohle,das geheimnis der vergessenen hohle,Das Geheimnis der vergessenen Höhle,pending,unknown,not_attempted,,unmatched_source_alias; demoted_weak_alias_match; reference_lookup_not_cached,Das Geheimnis der vergessenen Höhle
dasschwarzeaugedrakensang,das schwarze auge drakensang,Das Schwarze Auge - Drakensang,pending,unknown,needs_candidate_refresh,,ambiguous_source_alias; demoted_weak_alias_match; candidate_evidence_missing,Das Schwarze Auge - Drakensang
dasvermachtnistestamentofsin,das vermachtnis testament of sin,Das Vermächtnis - Testament of Sin,pending,unknown,not_attempted,,unmatched_source_alias; demoted_weak_alias_match; reference_lookup_not_cached,Das Vermächtnis - Testament of Sin
dashaesslicheentlein,das haessliche entlein,Das haessliche Entlein,pending,unknown,needs_candidate_refresh,,ambiguous_source_alias; demoted_weak_alias_match; candidate_evidence_missing,Das haessliche Entlein
deinereitschule,deine reitschule,Deine Reitschule,pending,unknown,needs_candidate_refresh,,ambiguous_source_alias; demoted_weak_alias_match; candidate_evidence_missing,Deine Reitschule
derbauernhof,der bauernhof,Der Bauernhof,pending,unknown,needs_candidate_refresh,,ambiguous_source_alias; demoted_weak_alias_match; candidate_evidence_missing,Der Bauernhof
derbunker,der bunker,Der Bunker,pending,unknown,needs_candidate_refresh,,ambiguous_source_alias; demoted_weak_alias_match; candidate_evidence_missing,Der Bunker
derherrderringedsumaufstiegdeshexenknigs,der herrder ringe d su m aufstiegdes hexenknigs,Der Herrder Ringe D Su M Aufstiegdes Hexenknigs,pending,unknown,not_attempted,,unmatched_source_alias; demoted_weak_alias_match; reference_lookup_not_cached,Der Herrder Ringe DSu MAufstiegdes Hexenknigs
derverkehrsgigantgold,der verkehrsgigant gold,Der Verkehrsgigant Gold,pending,unknown,not_attempted,,unmatched_source_alias; demoted_weak_alias_match; reference_lookup_not_cached,Der Verkehrsgigant Gold
devilmaycry4,devil may cry 4,Devil May Cry 4,pending,unknown,not_attempted,,unmatched_source_alias; demoted_weak_alias_match; reference_lookup_not_cached,Devil May Cry4
diablo3spezial,diablo 3 spezial,Diablo 3 Spezial,pending,unknown,not_attempted,,unmatched_source_alias; demoted_weak_alias_match; reference_lookup_not_cached,Diablo3 Spezial
dielegendenundmarchenvonashkale1,die legenden und marchen von ash kale 1,Die Legenden und Märchen von Ash'kale 1,pending,unknown,not_attempted,,unmatched_source_alias; demoted_weak_alias_match; reference_lookup_not_cached,Die Legenden und Märchen von Ash'kale 1
diesiedler2dienachstegeneration,die siedler 2 die nachste generation,Die Siedler 2 Die nächste Generation,pending,unknown,not_attempted,,unmatched_source_alias; demoted_weak_alias_match; reference_lookup_not_cached,Die Siedler 2 Die nächste Generation
diesiedler2dienchstegeneration,die siedler 2 dienchste generation,Die Siedler 2 Dienchste Generation,pending,unknown,not_attempted,,unmatched_source_alias; demoted_weak_alias_match; reference_lookup_not_cached,Die Siedler2 Dienchste Generation
diesiedlerdaserbederkonige,die siedler das erbe der konige,Die Siedler Das Erbe der Könige,pending,unknown,not_attempted,,unmatched_source_alias; demoted_weak_alias_match; reference_lookup_not_cached,Die Siedler Das Erbe der Könige
diesiedlerhiebefurdiebe,die siedler hiebe fur diebe,Die Siedler Hiebe für Diebe,pending,unknown,not_attempted,,unmatched_source_alias; demoted_weak_alias_match; reference_lookup_not_cached,Die Siedler Hiebe für Diebe
diesimsnightlife,die sims nightlife,Die Sims Nightlife,pending,unknown,not_attempted,,unmatched_source_alias; demoted_weak_alias_match; reference_lookup_not_cached,Die Sims Nightlifev
diesimsopenforbusiness,die sims openfor business,Die Sims Openfor Business,pending,unknown,not_attempted,,unmatched_source_alias; demoted_weak_alias_match; reference_lookup_not_cached,Die Sims Openfor Businessv
dievolker,die volker,Die Völker,pending,unknown,not_attempted,,unmatched_source_alias; demoted_weak_alias_match; reference_lookup_not_cached,Die Völker
dikowskrussland,dikowsk russland,"Dikowsk, Rußland",pending,unknown,not_attempted,,unmatched_source_alias; demoted_weak_alias_match; reference_lookup_not_cached,"Dikowsk, Rußland"
diverdeepwateradventures,diver deep water adventures,Diver Deep Water Adventures,pending,unknown,not_attempted,,unmatched_source_alias; demoted_weak_alias_match; reference_lookup_not_cached,Diver Deep Water Adventuresv
doom3zhunter1,doom 3 z hunter 1,Doom 3 Z Hunter 1,pending,unknown,not_attempted,,unmatched_source_alias; demoted_weak_alias_match; reference_lookup_not_cached,Doom 3 Z Hunter 1
dreampinballdtwoworlds,dream pinball d two worlds,Dream Pinball D Two Worlds,pending,unknown,not_attempted,,unmatched_source_alias; demoted_weak_alias_match; reference_lookup_not_cached,Dream Pinball DTwo Worlds
dynaeromcr01ultraleicht,dyn aero mcr 01 ultraleicht,Dyn Aero MCR 01 Ultraleicht,pending,unknown,not_attempted,,unmatched_source_alias; demoted_weak_alias_match; reference_lookup_not_cached,Dyn Aero MCR01 Ultraleicht
egonadventure,e gon adventure,E Gon Adventure,pending,unknown,not_attempted,,unmatched_source_alias; demoted_weak_alias_match; reference_lookup_not_cached,EGon Adventure
eveonlinethesecondgenesis,eve online the second genesis,EVE Online The Second Genesis,pending,unknown,not_attempted,,unmatched_source_alias; demoted_weak_alias_match; reference_lookup_not_cached,EVEOnline The Second Genesis
earth2150blueplanet,earth 2150 blue planet,Earth 2150 Blue Planet,pending,unknown,not_attempted,,unmatched_source_alias; demoted_weak_alias_match; reference_lookup_not_cached,Earth 2150 Blue Planet
earth2150lostsouls,earth 2150 lost souls,Earth 2150 Lost Souls,pending,unknown,not_attempted,,unmatched_source_alias; demoted_weak_alias_match; reference_lookup_not_cached,Earth 2150 Lost Souls
earth2150moonproject,earth 2150 moon project,Earth 2150 Moon Project,pending,unknown,not_attempted,,unmatched_source_alias; demoted_weak_alias_match; reference_lookup_not_cached,Earth 2150 Moon Project
earth2160,earth 2160,Earth 2160,pending,unknown,not_attempted,,unmatched_source_alias; demoted_weak_alias_match; reference_lookup_not_cached,Earth 2160
enigma,enigma,Enigma,pending,unknown,needs_candidate_refresh,,ambiguous_source_alias; demoted_weak_alias_match; candidate_evidence_missing,Enigma
enigmarisingtide,enigma rising tide,Enigma Rising Tide,pending,unknown,needs_candidate_refresh,,ambiguous_source_alias; demoted_weak_alias_match; candidate_evidence_missing,Enigma Rising Tide
erbederkonige,erbe der konige,Erbe der Könige,pending,unknown,not_attempted,,unmatched_source_alias; demoted_weak_alias_match; reference_lookup_not_cached,Erbe der Könige Demo
eternalsilence3,eternal silence 3,Eternal Silence 3,pending,unknown,needs_candidate_refresh,,ambiguous_source_alias; demoted_weak_alias_match; candidate_evidence_missing,Eternal Silence 3
europauniversalis,europa universalis,Europa Universalis,pending,unknown,needs_candidate_refresh,,ambiguous_source_alias; demoted_weak_alias_match; candidate_evidence_missing,Europa Universalis; Europa Universalisv
eveonlinerevelations,eve online revelations,Eve Online Revelations,pending,unknown,needs_candidate_refresh,,ambiguous_source_alias; demoted_weak_alias_match; candidate_evidence_missing,Eve Online Revelations
everestultimateedition,everest ultimate edition,Everest Ultimate Edition,pending,unknown,not_attempted,,unmatched_source_alias; demoted_weak_alias_match; reference_lookup_not_cached,Everest Ultimate Edition
everquest2,everquest 2,Everquest 2,pending,unknown,needs_candidate_refresh,,ambiguous_source_alias; demoted_weak_alias_match; candidate_evidence_missing,Everquest 2
everquestechoesoffaydwer,everquest echoes of faydwer,Everquest Echoes Of Faydwer,pending,unknown,needs_candidate_refresh,,ambiguous_source_alias; demoted_weak_alias_match; candidate_evidence_missing,Everquest Echoes Of Faydwer
everquestkingdomofsky,everquest kingdom of sky,Everquest Kingdom of Sky,pending,unknown,not_attempted,,unmatched_source_alias; demoted_weak_alias_match; reference_lookup_not_cached,Everquest Kingdomof Sky
evilgenius,evil genius,Evil Genius,pending,unknown,needs_candidate_refresh,,ambiguous_source_alias; demoted_weak_alias_match; candidate_evidence_missing,Evil Genius
faesuperhornet,fae super hornet,FAE Super Hornet,pending,unknown,not_attempted,,unmatched_source_alias; demoted_weak_alias_match; reference_lookup_not_cached,FAESuper Hornet
fearv,fea rv,FEA Rv,pending,unknown,not_attempted,,unmatched_source_alias; demoted_weak_alias_match; reference_lookup_not_cached,FEARv
fifafootball2005,fifa football 2005,FIFA Football 2005,pending,unknown,not_attempted,,unmatched_source_alias; demoted_weak_alias_match; reference_lookup_not_cached,FIFA Football 2005
fifafuballweltmeisterschaft,fifa fuball weltmeisterschaft,FIFA Fuball Weltmeisterschaft,pending,unknown,not_attempted,,unmatched_source_alias; demoted_weak_alias_match; reference_lookup_not_cached,FIFAFuball Weltmeisterschaft
facesofwar,faces of war,Faces of War,pending,unknown,needs_candidate_refresh,,ambiguous_source_alias; demoted_weak_alias_match; candidate_evidence_missing,Faces of War; Facesof War
fahrsimulator2009,fahr simulator 2009,Fahr Simulator 2009,pending,unknown,not_attempted,,unmatched_source_alias; demoted_weak_alias_match; reference_lookup_not_cached,Fahr Simulator 2009; Fahr Simulator 2009 v 1
fahrenheit,fahrenheit,Fahrenheit,pending,unknown,needs_candidate_refresh,,ambiguous_source_alias; demoted_weak_alias_match; candidate_evidence_missing,Fahrenheit v 1; Fahrenheit
fear,fear,Fear,pending,unknown,not_attempted,,unmatched_source_alias; demoted_weak_alias_match; reference_lookup_not_cached,Fear v 1 02
firedepartment,fire department,Fire Department,pending,unknown,needs_candidate_refresh,,ambiguous_source_alias; demoted_weak_alias_match; candidate_evidence_missing,Fire Department
flatout,flat out,Flat Out,pending,unknown,needs_candidate_refresh,,ambiguous_source_alias; demoted_weak_alias_match; candidate_evidence_missing,Flat Out; Flatout
flightgear,flight gear,Flight Gear,pending,unknown,not_attempted,,unmatched_source_alias; demoted_weak_alias_match; reference_lookup_not_cached,Flight Gear
footballmanager2005,football manager 2005,Football Manager 2005,pending,unknown,not_attempted,,unmatched_source_alias; demoted_weak_alias_match; reference_lookup_not_cached,Football Manager 2005
footballmanager2006gold,football manager 2006 gold,Football Manager 2006 Gold,pending,unknown,not_attempted,,unmatched_source_alias; demoted_weak_alias_match; reference_lookup_not_cached,Football Manager 2006 Gold
forsaken,forsaken,Forsaken,pending,unknown,needs_candidate_refresh,,ambiguous_source_alias; demoted_weak_alias_match; candidate_evidence_missing,Forsaken
freeciv,free civ,Free Civ,pending,unknown,needs_candidate_refresh,,ambiguous_source_alias; demoted_weak_alias_match; candidate_evidence_missing,Free Civ
freedomforce,freedom force,Freedom Force,pending,unknown,needs_candidate_refresh,,ambiguous_source_alias; demoted_weak_alias_match; candidate_evidence_missing,Freedom Force
frenchstreetracing,french street racing,French Street Racing,pending,unknown,needs_candidate_refresh,,ambiguous_source_alias; demoted_weak_alias_match; candidate_evidence_missing,French Street Racing
fritz,fritz,Fritz,pending,unknown,needs_candidate_refresh,,ambiguous_source_alias; demoted_weak_alias_match; candidate_evidence_missing,Fritz
fullauto,full auto,Full Auto,pending,unknown,needs_candidate_refresh,,ambiguous_source_alias; demoted_weak_alias_match; candidate_evidence_missing,Full Auto
fullautobattlelines,full auto battlelines,Full Auto Battlelines,pending,unknown,needs_candidate_refresh,,ambiguous_source_alias; demoted_weak_alias_match; candidate_evidence_missing,Full Auto Battlelines
fullspectrumwarrior,full spectrum warrior,Full Spectrum Warrior,pending,unknown,needs_candidate_refresh,,ambiguous_source_alias; demoted_weak_alias_match; candidate_evidence_missing,Full Spectrum Warrior
fussballchallenge08,fussball challenge 08,Fussball Challenge 08,pending,unknown,not_attempted,,unmatched_source_alias; demoted_weak_alias_match; reference_lookup_not_cached,Fussball Challenge08
fussballmanager,fussball manager,Fussball Manager,pending,unknown,not_attempted,,unmatched_source_alias; demoted_weak_alias_match; reference_lookup_not_cached,Fussball Managerv
fussballmanager2006,fussball manager 2006,Fussball Manager 2006,pending,unknown,not_attempted,,unmatched_source_alias; demoted_weak_alias_match; reference_lookup_not_cached,Fussball Manager 2006 v
glxgravityneoluxor,glx gravity neo luxor,GLX Gravity Neo Luxor,pending,unknown,not_attempted,,unmatched_source_alias; demoted_weak_alias_match; reference_lookup_not_cached,GLXGravity Neo Luxor
gsrgermanstreetracing,gsr german street racing,GSR German Street Racing,pending,unknown,not_attempted,,unmatched_source_alias; demoted_weak_alias_match; reference_lookup_not_cached,GSRGerman Street Racing
gtiracing,gti racing,GTI Racing,pending,unknown,not_attempted,,unmatched_source_alias; demoted_weak_alias_match; reference_lookup_not_cached,GTIRacing
gtrfiagtracinggame,gtr fia gt racing game,GTR FIA GT Racing Game,pending,unknown,not_attempted,,unmatched_source_alias; demoted_weak_alias_match; reference_lookup_not_cached,GTR FIA GT Racing Game; GTRFIAGTRacing Game
gtrfiagtracinggame1,gtr fia gt racing game 1,GTR Fia GT Racing Game 1,pending,unknown,not_attempted,,unmatched_source_alias; demoted_weak_alias_match; reference_lookup_not_cached,GTR Fia GT Racing Game 1
gabelstaplersimulator2009,gabelstapler simulator 2009,Gabelstapler Simulator 2009,pending,unknown,not_attempted,,unmatched_source_alias; demoted_weak_alias_match; reference_lookup_not_cached,Gabelstapler Simulator 2009
galacticcivilzationsdreadlords,galactic civilzations dread lords,Galactic Civilzations Dread Lords,pending,unknown,not_attempted,,unmatched_source_alias; demoted_weak_alias_match; reference_lookup_not_cached,Galactic Civilzations Dread Lordsv
galacticdreamrageofwar,galactic dream rage of war,Galactic Dream Rage of War,pending,unknown,not_attempted,,unmatched_source_alias; demoted_weak_alias_match; reference_lookup_not_cached,Galactic Dream Rageof War
gametycoon1,game tycoon 1,Game Tycoon 1,pending,unknown,not_attempted,,unmatched_source_alias; demoted_weak_alias_match; reference_lookup_not_cached,Game Tycoon 1
garrydieschmeissfliege,garry die schmeissfliege,Garry die Schmeißfliege,pending,unknown,not_attempted,,unmatched_source_alias; demoted_weak_alias_match; reference_lookup_not_cached,Garry die Schmeißfliege
gentleman,gentleman,Gentleman,pending,unknown,needs_candidate_refresh,,ambiguous_source_alias; demoted_weak_alias_match; candidate_evidence_missing,Gentleman
gigabyteeasytune5pro,gigabyte easy tune 5 pro,Gigabyte Easy Tune 5 Pro,pending,unknown,not_attempted,,unmatched_source_alias; demoted_weak_alias_match; reference_lookup_not_cached,Gigabyte Easy Tune5 Pro
ginggongboxen,ging gong boxen,Ging Gong Boxen,pending,unknown,needs_candidate_refresh,,ambiguous_source_alias; demoted_weak_alias_match; candidate_evidence_missing,Ging Gong Boxen
greengame,green game,Green Game,pending,unknown,not_attempted,,unmatched_source_alias; demoted_weak_alias_match; reference_lookup_not_cached,Green Game
groschengrab25,groschengrab 25,Groschengrab 25,pending,unknown,not_attempted,,unmatched_source_alias; demoted_weak_alias_match; reference_lookup_not_cached,Groschengrab25
guinnessworldrecords2005,guinness world records 2005,Guinness World Records 2005,pending,unknown,not_attempted,,unmatched_source_alias; demoted_weak_alias_match; reference_lookup_not_cached,Guinness World Records 2005
hdcleaner,hd cleaner,HD Cleaner,pending,unknown,not_attempted,,unmatched_source_alias; demoted_weak_alias_match; reference_lookup_not_cached,HDCleaner
harrypotterundderordendesphnix,harry potter und der orden des phnix,Harry Potter und der Orden des Phnix,pending,unknown,not_attempted,,unmatched_source_alias; demoted_weak_alias_match; reference_lookup_not_cached,Harry Potterundder Ordendes Phnix
hauntedhouse,haunted house,Haunted House,pending,unknown,needs_candidate_refresh,,ambiguous_source_alias; demoted_weak_alias_match; candidate_evidence_missing,Haunted House
heimspielhandballmanager2008,heimspiel handball manager 2008,Heimspiel Handball Manager 2008,pending,unknown,not_attempted,,unmatched_source_alias; demoted_weak_alias_match; reference_lookup_not_cached,Heimspiel Handball Manager2008
heroesofmightmagic,heroesof might magic,Heroesof Might Magic,pending,unknown,not_attempted,,unmatched_source_alias; demoted_weak_alias_match; reference_lookup_not_cached,Heroesof Might Magicv
heroesofmightmagictribesoftheeast,heroesof might magic tribes of the east,Heroesof Might Magic Tribes of the East,pending,unknown,not_attempted,,unmatched_source_alias; demoted_weak_alias_match; reference_lookup_not_cached,Heroesof Might Magic Tribesofthe East
hiddenanddangerous2,hidden and dangerous 2,Hidden & Dangerous 2,pending,unknown,not_attempted,,unmatched_source_alias; demoted_weak_alias_match; reference_lookup_not_cached,Hidden & Dangerous 2
highwaypursuit,highway pursuit,Highway Pursuit,pending,unknown,needs_candidate_refresh,,ambiguous_source_alias; demoted_weak_alias_match; candidate_evidence_missing,Highway Pursuit
himmelundhuhn,himmel und huhn,Himmel und Huhn,pending,unknown,needs_candidate_refresh,,ambiguous_source_alias; demoted_weak_alias_match; candidate_evidence_missing,Himmel und Huhn
hitmanbloodmoney,hitman blood money,Hitman Blood Money,pending,unknown,not_attempted,,unmatched_source_alias; demoted_weak_alias_match; reference_lookup_not_cached,Hitman Blood Moneyv
hurrican,hurrican,Hurrican,pending,unknown,needs_candidate_refresh,,ambiguous_source_alias; demoted_weak_alias_match; candidate_evidence_missing,Hurrican
ikkdirektmountainbikechallenge08,ikk direkt mountainbike challenge 08,IKK Direkt Mountainbike Challenge 08,pending,unknown,not_attempted,,unmatched_source_alias; demoted_weak_alias_match; reference_lookup_not_cached,IKK Direkt Mountainbike Challenge 08
ilsturmovik,il sturmovik,IL Sturmovik,pending,unknown,not_attempted,,unmatched_source_alias; demoted_weak_alias_match; reference_lookup_not_cached,ILSturmovik
ilsturmovikforgottenbattles,il sturmovik forgotten battles,IL Sturmovik Forgotten Battles,pending,unknown,not_attempted,,unmatched_source_alias; demoted_weak_alias_match; reference_lookup_not_cached,ILSturmovik Forgotten Battles
iqmarathon,iq marathon,IQ Marathon,pending,unknown,not_attempted,,unmatched_source_alias; demoted_weak_alias_match; reference_lookup_not_cached,IQMarathon
iceage,ice age,Ice Age,pending,unknown,not_attempted,,unmatched_source_alias; demoted_weak_alias_match; reference_lookup_not_cached,Ice Age
icebreaker,ice breaker,Ice Breaker,pending,unknown,needs_candidate_refresh,,ambiguous_source_alias; demoted_weak_alias_match; candidate_evidence_missing,Ice Breaker
icewinddale,icewind dale,Icewind Dale,pending,unknown,needs_candidate_refresh,,ambiguous_source_alias; demoted_weak_alias_match; candidate_evidence_missing,Icewind Dale
icewinddaleherzdeswinters,icewind dale herz des winters,Icewind Dale - Herz des Winters,pending,unknown,needs_candidate_refresh,,ambiguous_source_alias; demoted_weak_alias_match; candidate_evidence_missing,Icewind Dale - Herz des Winters
imperiumromanum,imperium romanum,Imperium Romanum,pending,unknown,needs_candidate_refresh,,ambiguous_source_alias; demoted_weak_alias_match; candidate_evidence_missing,Imperium Romanum; Imperium Romanum v 1; Imperium Romanumv102
indianajonesunddasknigreichdeskristallschdels,indiana jones und das knigreich des kristallschdels,Indiana Jones und das Knigreich des Kristallschdels,pending,unknown,not_attempted,,unmatched_source_alias; demoted_weak_alias_match; reference_lookup_not_cached,Indiana Jonesunddas Knigreichdes Kristallschdels
ironman,iron man,Iron Man,pending,unknown,needs_candidate_refresh,,ambiguous_source_alias; demoted_weak_alias_match; candidate_evidence_missing,Iron Man; Iron Man v 1
ironmanv11,iron manv 11,Iron Manv 11,pending,unknown,not_attempted,,unmatched_source_alias; demoted_weak_alias_match; reference_lookup_not_cached,Iron Manv11
isabellwerthreitsport,isabell werth reitsport,Isabell Werth Reitsport,pending,unknown,needs_candidate_refresh,,ambiguous_source_alias; demoted_weak_alias_match; candidate_evidence_missing,Isabell Werth Reitsport
jackkeane,jack keane,Jack Keane,pending,unknown,needs_candidate_refresh,,ambiguous_source_alias; demoted_weak_alias_match; candidate_evidence_missing,Jack Keane v 1 0; Jack Keanev101; Jack Keane
jackkeaneandthedokktorsisland,jack keane and the dokktors island,Jack Keane and the Dokktors Island,pending,unknown,not_attempted,,unmatched_source_alias; demoted_weak_alias_match; reference_lookup_not_cached,Jack Keaneandthe Dokktors Island
jagdfieber,jagdfieber,Jagdfieber,pending,unknown,needs_candidate_refresh,,ambiguous_source_alias; demoted_weak_alias_match; candidate_evidence_missing,Jagdfieber
jaggedalliance2,jagged alliance 2,Jagged Alliance 2,pending,unknown,not_attempted,,unmatched_source_alias; demoted_weak_alias_match; reference_lookup_not_cached,Jagged Alliance 2
jaggedalliancewildfire,jagged alliance wildfire,Jagged Alliance Wildfire,pending,unknown,needs_candidate_refresh,,ambiguous_source_alias; demoted_weak_alias_match; candidate_evidence_missing,Jagged Alliance Wildfire
johnwoosstranglehold,john woos stranglehold,John Woos Stranglehold,pending,unknown,needs_candidate_refresh,,ambiguous_source_alias; demoted_weak_alias_match; candidate_evidence_missing,John Woos Stranglehold
juiced,juiced,Juiced,pending,unknown,needs_candidate_refresh,,ambiguous_source_alias; demoted_weak_alias_match; candidate_evidence_missing,Juiced; Juiced v 1 01
jumpingjack,jumping jack,Jumping Jack,pending,unknown,needs_candidate_refresh,,ambiguous_source_alias; demoted_weak_alias_match; candidate_evidence_missing,Jumping Jack
justcause,just cause,Just Cause,pending,unknown,needs_candidate_refresh,,ambiguous_source_alias; demoted_weak_alias_match; candidate_evidence_missing,Just Cause
kracer,k racer,K Racer,pending,unknown,needs_candidate_refresh,,ambiguous_source_alias; demoted_weak_alias_match; candidate_evidence_missing,K Racer
keepass,kee pass,Kee Pass,pending,unknown,needs_candidate_refresh,,ambiguous_source_alias; demoted_weak_alias_match; candidate_evidence_missing,Kee Pass
kikithenanobot,kiki the nanobot,Kiki the Nanobot,pending,unknown,not_attempted,,unmatched_source_alias; demoted_weak_alias_match; reference_lookup_not_cached,Kiki the Nanobot; Kikithe Nanobot
kingoftheroad,king of the road,King of the Road,pending,unknown,needs_candidate_refresh,,ambiguous_source_alias; demoted_weak_alias_match; candidate_evidence_missing,King of the Road
knight,knight,Knight,pending,unknown,needs_candidate_refresh,,ambiguous_source_alias; demoted_weak_alias_match; candidate_evidence_missing,Knight
knightsofthetemple,knights of the temple,Knights of the Temple,pending,unknown,not_attempted,,unmatched_source_alias; demoted_weak_alias_match; reference_lookup_not_cached,Knightsofthe Temple
knowhow,know how,Know How,pending,unknown,needs_candidate_refresh,,ambiguous_source_alias; demoted_weak_alias_match; candidate_evidence_missing,Know How
kransimulator2009,kran simulator 2009,Kran Simulator 2009,pending,unknown,not_attempted,,unmatched_source_alias; demoted_weak_alias_match; reference_lookup_not_cached,Kransimulator 2009; Kran Simulator 2009 v 1 0 3
lanoire,la noire,LA Noire,pending,unknown,not_attempted,,unmatched_source_alias; demoted_weak_alias_match; reference_lookup_not_cached,LANoire
landwirtschaftssimulator2008,landwirtschafts simulator 2008,Landwirtschafts Simulator 2008,pending,unknown,not_attempted,,unmatched_source_alias; demoted_weak_alias_match; reference_lookup_not_cached,Landwirtschafts Simulator2008
legendhandofgodv101,legend handof godv 101,Legend Handof Godv 101,pending,unknown,not_attempted,,unmatched_source_alias; demoted_weak_alias_match; reference_lookup_not_cached,Legend Handof Godv101
legendhandofgodv102,legend handof godv 102,Legend Handof Godv 102,pending,unknown,not_attempted,,unmatched_source_alias; demoted_weak_alias_match; reference_lookup_not_cached,Legend Handof Godv102
legoindianajonesdielegendarenabenteuer,lego indiana jones die legendaren abenteuer,Lego Indiana Jones Die legendären Abenteuer,pending,unknown,not_attempted,,unmatched_source_alias; demoted_weak_alias_match; reference_lookup_not_cached,Lego Indiana Jones Die legendären Abenteuer
loki,loki,Loki,pending,unknown,not_attempted,,unmatched_source_alias; demoted_weak_alias_match; reference_lookup_not_cached,Loki v 1 0 8; Lokiv1082
mswtk2004,mswtk 2004,MSWTK 2004,pending,unknown,not_attempted,,unmatched_source_alias; demoted_weak_alias_match; reference_lookup_not_cached,MSWTK 2004
maximaleanzahldernpcs,maximale anzahl der np cs,Maximale Anzahl der NP Cs,pending,unknown,not_attempted,,unmatched_source_alias; demoted_weak_alias_match; reference_lookup_not_cached,Maximale Anzahl der NPCs
medieval2totalwarv13,medieval 2 total warv 13,Medieval 2 Total Warv 13,pending,unknown,not_attempted,,unmatched_source_alias; demoted_weak_alias_match; reference_lookup_not_cached,Medieval2 Total Warv13
micromachines,micro machines,Micro Machines,pending,unknown,not_attempted,,unmatched_source_alias; demoted_weak_alias_match; reference_lookup_not_cached,Micro Machines V
microsoftflightsimulator98,microsoft flight simulator 98,Microsoft Flight Simulator 98,pending,unknown,not_attempted,,unmatched_source_alias; demoted_weak_alias_match; reference_lookup_not_cached,Microsoft Flight Simulator 98
midnightclub3dubedition,midnight club 3 dub edition,Midnight Club 3 Dub Edition,pending,unknown,not_attempted,,unmatched_source_alias; demoted_weak_alias_match; reference_lookup_not_cached,Midnight Club 3 Dub Edition
mllabfuhrsimulator2008,mllabfuhr simulator 2008,Mllabfuhr Simulator 2008,pending,unknown,not_attempted,,unmatched_source_alias; demoted_weak_alias_match; reference_lookup_not_cached,Mllabfuhr Simulator2008
moorhuhnschatzjger3,moorhuhn schatzjger 3,Moorhuhn Schatzjger 3,pending,unknown,not_attempted,,unmatched_source_alias; demoted_weak_alias_match; reference_lookup_not_cached,Moorhuhn Schatzjger3
moorhuhnschatzjager3,moorhuhn schatzjager 3,Moorhuhn Schatzjäger 3,pending,unknown,not_attempted,,unmatched_source_alias; demoted_weak_alias_match; reference_lookup_not_cached,Moorhuhn Schatzjäger 3
moorhuhnwintereditionxxl,moorhuhn winter edition xxl,Moorhuhn Winter Edition XXL,pending,unknown,not_attempted,,unmatched_source_alias; demoted_weak_alias_match; reference_lookup_not_cached,Moorhuhn Winter Edition XXL
motogp08,moto gp 08,Moto GP 08,pending,unknown,not_attempted,,unmatched_source_alias; demoted_weak_alias_match; reference_lookup_not_cached,Moto GP 08
mullabfuhrsimulator2008,mullabfuhr simulator 2008,Müllabfuhr Simulator 2008,pending,unknown,not_attempted,,unmatched_source_alias; demoted_weak_alias_match; reference_lookup_not_cached,Müllabfuhr Simulator 2008
nbastreethomecourt,nba street homecourt,NBA Street Homecourt,pending,unknown,not_attempted,,unmatched_source_alias; demoted_weak_alias_match; reference_lookup_not_cached,NBAStreet Homecourt
nhl08vista,nhl 08 vista,NHL 08 Vista,pending,unknown,not_attempted,,unmatched_source_alias; demoted_weak_alias_match; reference_lookup_not_cached,NHL08 Vista
nsrnitrostuntracing,nsr nitro stunt racing,NSR Nitro Stunt Racing,pending,unknown,not_attempted,,unmatched_source_alias; demoted_weak_alias_match; reference_lookup_not_cached,NSRNitro Stunt Racing
neocron2evolution,neocron 2 evolution,Neocron 2 Evolution,pending,unknown,not_attempted,,unmatched_source_alias; demoted_weak_alias_match; reference_lookup_not_cached,Neocron 2 Evolution v
neueabenteueraufderschatzinsel,neue abenteuer auf der schatzinsel,Neue Abenteuer auf der Schatzinsel,pending,unknown,not_attempted,,unmatched_source_alias; demoted_weak_alias_match; reference_lookup_not_cached,Neue Abenteueraufder Schatzinsel
nibiruderbotedergotter,nibiru der bote der gotter,Nibiru Der Bote der Götter,pending,unknown,not_attempted,,unmatched_source_alias; demoted_weak_alias_match; reference_lookup_not_cached,Nibiru Der Bote der Götter
nikopoldieruckkehrderunsterblichen,nikopol die ruckkehr der unsterblichen,Nikopol Die Rückkehr der Unsterblichen,pending,unknown,not_attempted,,unmatched_source_alias; demoted_weak_alias_match; reference_lookup_not_cached,Nikopol Die Rückkehr der Unsterblichen
overgfighters,over g fighters,Over G Fighters,pending,unknown,not_attempted,,unmatched_source_alias; demoted_weak_alias_match; reference_lookup_not_cached,Over GFighters
pdcworldchampionshipdarts2008,pdc world championship darts 2008,PDC World Championship Darts 2008,pending,unknown,not_attempted,,unmatched_source_alias; demoted_weak_alias_match; reference_lookup_not_cached,PDC World Championship Darts 2008; PDCWorld Championship Darts2008
pebuilder,pe builder,PE Builder,pending,unknown,not_attempted,,unmatched_source_alias; demoted_weak_alias_match; reference_lookup_not_cached,PEBuilder
pwgen,pw gen,PW Gen,pending,unknown,not_attempted,,unmatched_source_alias; demoted_weak_alias_match; reference_lookup_not_cached,PWGen
panzers,panzers,Panzers,pending,unknown,not_attempted,,unmatched_source_alias; demoted_weak_alias_match; reference_lookup_not_cached,Panzers
passagesonderedition,passage sonder edition,Passage Sonder Edition,pending,unknown,not_attempted,,unmatched_source_alias; demoted_weak_alias_match; reference_lookup_not_cached,Passage Sonder Edition
patrizier2gold,patrizier 2 gold,Patrizier 2 Gold,pending,unknown,not_attempted,,unmatched_source_alias; demoted_weak_alias_match; reference_lookup_not_cached,Patrizier 2 Gold
piratesofthecarribeanamendederwelt,pirates of the carribean am ende der welt,Pirates of the Carribean Am Ende der Welt,pending,unknown,not_attempted,,unmatched_source_alias; demoted_weak_alias_match; reference_lookup_not_cached,Piratesofthe Carribean Am Endeder Welt
portsofcalldeluxe2008,ports of call deluxe 2008,Ports of Call Deluxe 2008,pending,unknown,not_attempted,,unmatched_source_alias; demoted_weak_alias_match; reference_lookup_not_cached,Ports of Call Deluxe 2008; Portsof Call Deluxe2008
prey,prey,Prey,pending,unknown,not_attempted,,unmatched_source_alias; demoted_weak_alias_match; reference_lookup_not_cached,Preyv
princeofpersiathesandsoftime,prince of persia the sands of time,Prince of Persia The Sands of Time,pending,unknown,not_attempted,,unmatched_source_alias; demoted_weak_alias_match; reference_lookup_not_cached,Princeof Persia The Sandsof Time
proevolutionsoccer2008,pro evolution soccer 2008,Pro Evolution Soccer 2008,pending,unknown,not_attempted,,unmatched_source_alias; demoted_weak_alias_match; reference_lookup_not_cached,Pro Evolution Soccer2008
proevolutionsoccer2009,pro evolution soccer 2009,Pro Evolution Soccer 2009,pending,unknown,not_attempted,,unmatched_source_alias; demoted_weak_alias_match; reference_lookup_not_cached,Pro Evolution Soccer 2009 v 1; Pro Evolution Soccer2009
quake,quake,Quake,pending,unknown,not_attempted,,unmatched_source_alias; demoted_weak_alias_match; reference_lookup_not_cached,Quakev
race07,race 07,RACE 07,pending,unknown,not_attempted,,unmatched_source_alias; demoted_weak_alias_match; reference_lookup_not_cached,RACE 07
rtlbiathlon2008,rtl biathlon 2008,RTL Biathlon 2008,pending,unknown,not_attempted,,unmatched_source_alias; demoted_weak_alias_match; reference_lookup_not_cached,RTLBiathlon2008
rtlskispringen,rtl skispringen,RTL Skispringen,pending,unknown,not_attempted,,unmatched_source_alias; demoted_weak_alias_match; reference_lookup_not_cached,RTLSkispringen
rtlwintersports2008theultimatechallenge,rtl winter sports 2008 the ultimate challenge,RTL Winter Sports 2008 The Ultimate Challenge,pending,unknown,not_attempted,,unmatched_source_alias; demoted_weak_alias_match; reference_lookup_not_cached,RTL Winter Sports 2008 The Ultimate Challenge; RTLWinter Sports2008 The Ultimate Challenge
race07officialwtccgame,race 07 official wtcc game,Race 07 Official WTCC Game,pending,unknown,not_attempted,,unmatched_source_alias; demoted_weak_alias_match; reference_lookup_not_cached,Race 07 Official WTCC Game; Race07 Official WTCCGame
raceofficialwttcgame,race official wttc game,Race Official WTTC Game,pending,unknown,not_attempted,,unmatched_source_alias; demoted_weak_alias_match; reference_lookup_not_cached,Race Official WTTCGame
racetheofficialwtccgame,race the official wtcc game,Race The Official WTCC Game,pending,unknown,not_attempted,,unmatched_source_alias; demoted_weak_alias_match; reference_lookup_not_cached,Race The Official WTCCGame
radsportmanager20032004,radsport manager 2003 2004,Radsport Manager 2003 2004,pending,unknown,not_attempted,,unmatched_source_alias; demoted_weak_alias_match; reference_lookup_not_cached,Radsport Manager 2003 2004
radsportmanagerprosaison0506,radsport manager pro saison 05 06,Radsport Manager Pro Saison 05 06,pending,unknown,not_attempted,,unmatched_source_alias; demoted_weak_alias_match; reference_lookup_not_cached,Radsport Manager Pro Saison 05 06
radsportmanagerprov1020,radsport manager prov 1020,Radsport Manager Prov 1020,pending,unknown,not_attempted,,unmatched_source_alias; demoted_weak_alias_match; reference_lookup_not_cached,Radsport Manager Prov1020
railsimulatorupgrademk1,rail simulator upgrade mk 1,Rail Simulator Upgrade Mk 1,pending,unknown,not_attempted,,unmatched_source_alias; demoted_weak_alias_match; reference_lookup_not_cached,Rail Simulator Upgrade Mk1
rennyclausxmashockey,renny claus x mas hockey,Renny Claus X Mas Hockey,pending,unknown,not_attempted,,unmatched_source_alias; demoted_weak_alias_match; reference_lookup_not_cached,Renny Claus XMas Hockey
residentevil,resident evil,Resident Evil,pending,unknown,not_attempted,,unmatched_source_alias; demoted_weak_alias_match; reference_lookup_not_cached,Resident Evilv
rettunghelicopter112,rettunghelicopter 112,Rettunghelicopter 112,pending,unknown,not_attempted,,unmatched_source_alias; demoted_weak_alias_match; reference_lookup_not_cached,Rettunghelicopter 112
riseofnations,rise of nations,Rise of Nations,pending,unknown,not_attempted,,unmatched_source_alias; demoted_weak_alias_match; reference_lookup_not_cached,Rise of Nations
romanceofthethreekingdoms11,romance of the three kingdoms 11,Romance of the Three Kingdoms 11,pending,unknown,not_attempted,,unmatched_source_alias; demoted_weak_alias_match; reference_lookup_not_cached,Romance of the Three Kingdoms 11
rometotalwarbarbarianinvasion,rome total war barbarian invasion,Rome Total War Barbarian Invasion,pending,unknown,not_attempted,,unmatched_source_alias; demoted_weak_alias_match; reference_lookup_not_cached,Rome Total War Barbarian Invasion v
rotlichttycoon,rotlicht tycoon,Rotlicht Tycoon,pending,unknown,not_attempted,,unmatched_source_alias; demoted_weak_alias_match; reference_lookup_not_cached,Rotlicht Tycoonv
rush,rush,Rush,pending,unknown,not_attempted,,unmatched_source_alias; demoted_weak_alias_match; reference_lookup_not_cached,Rush
rushforthebombrushforberlinexpansionpack,rush for the bomb rush for berlin expansion pack,Rush for the Bomb Rush for Berlin Expansion Pack,pending,unknown,not_attempted,,unmatched_source_alias; demoted_weak_alias_match; reference_lookup_not_cached,Rushforthe Bomb Rushfor Berlin Expansion Pack
ruckkehrzurinsel,ruckkehr zur insel,Rückkehr zur Insel,pending,unknown,not_attempted,,unmatched_source_alias; demoted_weak_alias_match; reference_lookup_not_cached,Rückkehr zur Insel
santaclausintroublegold,santa clausin trouble gold,Santa Clausin Trouble Gold,pending,unknown,not_attempted,,unmatched_source_alias; demoted_weak_alias_match; reference_lookup_not_cached,Santa Clausin Trouble Gold
savageatorturedsoul,savage a tortured soul,Savage A Tortured Soul,pending,unknown,not_attempted,,unmatched_source_alias; demoted_weak_alias_match; reference_lookup_not_cached,Savage ATortured Soul
savekolcheza21222220021022,save kolchez a 21 22 22 2002 10 22,Save Kolchez'a 21:22:22 2002 10 22,pending,unknown,not_attempted,,unmatched_source_alias; demoted_weak_alias_match; reference_lookup_not_cached,Save Kolchez'a 21:22:22 2002 10 22
schiffsimulator2008,schiff simulator 2008,Schiff Simulator 2008,pending,unknown,not_attempted,,unmatched_source_alias; demoted_weak_alias_match; reference_lookup_not_cached,Schiff Simulator2008
schlachtummittelerdedaufstiegdhexenknigs,schlachtum mittelerde d aufstiegd hexenknigs,Schlachtum Mittelerde D Aufstiegd Hexenknigs,pending,unknown,not_attempted,,unmatched_source_alias; demoted_weak_alias_match; reference_lookup_not_cached,Schlachtum Mittelerde DAufstiegd Hexenknigsv
scorched3d,scorched 3 d,Scorched 3 D,pending,unknown,not_attempted,,unmatched_source_alias; demoted_weak_alias_match; reference_lookup_not_cached,Scorched 3 D
seamulator2009,seamulator 2009,Seamulator 2009,pending,unknown,not_attempted,,unmatched_source_alias; demoted_weak_alias_match; reference_lookup_not_cached,Seamulator 2009
sherlockholmesdiespurdererwachtenremasterededition,sherlock holmes die spur der erwachten remastered edition,Sherlock Holmes - Die Spur der Erwachten - Remastered Edition,pending,unknown,not_attempted,,unmatched_source_alias; demoted_weak_alias_match; reference_lookup_not_cached,Sherlock Holmes - Die Spur der Erwachten - Remastered Edition
sherlockholmesjagtarsenelupin,sherlock holmes jagt arsene lupin,Sherlock Holmes jagt Arsène Lupin,pending,unknown,not_attempted,,unmatched_source_alias; demoted_weak_alias_match; reference_lookup_not_cached,Sherlock Holmes jagt Arsène Lupin; Sherlock Holmesjagt Arsne Lupin
showgewehrexpneeded,show gewehr exp needed,Show GEWEHR Exp Needed,pending,unknown,not_attempted,,unmatched_source_alias; demoted_weak_alias_match; reference_lookup_not_cached,Show GEWEHRExp Needed
showkampfexpneeded,show kampf exp needed,Show KAMPF Exp Needed,pending,unknown,not_attempted,,unmatched_source_alias; demoted_weak_alias_match; reference_lookup_not_cached,Show KAMPFExp Needed
showkraftexpneeded,show kraft exp needed,Show KRAFT Exp Needed,pending,unknown,not_attempted,,unmatched_source_alias; demoted_weak_alias_match; reference_lookup_not_cached,Show KRAFTExp Needed
showmachinenpistolenxpneeded,show machinenpistole nxp needed,Show MACHINENPISTOLE Nxp Needed,pending,unknown,not_attempted,,unmatched_source_alias; demoted_weak_alias_match; reference_lookup_not_cached,Show MACHINENPISTOLENxp Needed
shownahkampfexpneeded,show nahkampf exp needed,Show NAHKAMPF Exp Needed,pending,unknown,not_attempted,,unmatched_source_alias; demoted_weak_alias_match; reference_lookup_not_cached,Show NAHKAMPFExp Needed
showpistolenexpneeded,show pistolen exp needed,Show PISTOLEN Exp Needed,pending,unknown,not_attempted,,unmatched_source_alias; demoted_weak_alias_match; reference_lookup_not_cached,Show PISTOLENExp Needed
showschottflintenxpneeded,show schottflinte nxp needed,Show SCHOTTFLINTE Nxp Needed,pending,unknown,not_attempted,,unmatched_source_alias; demoted_weak_alias_match; reference_lookup_not_cached,Show SCHOTTFLINTENxp Needed
showtarnungexpneeded,show tarnung exp needed,Show TARNUNG Exp Needed,pending,unknown,not_attempted,,unmatched_source_alias; demoted_weak_alias_match; reference_lookup_not_cached,Show TARNUNGExp Needed
showtechnikxpneeded,show techni kxp needed,Show TECHNI Kxp Needed,pending,unknown,not_attempted,,unmatched_source_alias; demoted_weak_alias_match; reference_lookup_not_cached,Show TECHNIKxp Needed
sidmeierscivilization4,sid meiers civilization 4,Sid Meiers Civilization 4,pending,unknown,not_attempted,,unmatched_source_alias; demoted_weak_alias_match; reference_lookup_not_cached,Sid Meiers Civilization4; Sid Meier's Civilization 4
siedlerdaserbederkonige,siedler das erbe der konige,Siedler Das Erbe der Könige,pending,unknown,not_attempted,,unmatched_source_alias; demoted_weak_alias_match; reference_lookup_not_cached,Siedler Das Erbe der Könige
simonthesorcererchaosistdashalbeleben,simon the sorcerer chaos ist das halbe leben,Simon the Sorcerer Chaos ist das halbe Leben,pending,unknown,not_attempted,,unmatched_source_alias; demoted_weak_alias_match; reference_lookup_not_cached,Simonthe Sorcerer Chaosistdashalbe Leben; Simonthe Sorcerer Chaosistdashalbe Lebenv
singles,singles,Singles,pending,unknown,not_attempted,,unmatched_source_alias; demoted_weak_alias_match; reference_lookup_not_cached,Singlesv
skialpin2006mitbodemiller,ski alpin 2006 mit bode miller,Ski Alpin 2006 mit Bode Miller,pending,unknown,not_attempted,,unmatched_source_alias; demoted_weak_alias_match; reference_lookup_not_cached,Ski Alpin 2006 mit Bode Miller
skisprungwintercup2005,skisprung wintercup 2005,Skisprung Wintercup 2005,pending,unknown,not_attempted,,unmatched_source_alias; demoted_weak_alias_match; reference_lookup_not_cached,Skisprung Wintercup 2005
sldnermarinecorps,sldner marine corps,Sldner Marine Corps,pending,unknown,not_attempted,,unmatched_source_alias; demoted_weak_alias_match; reference_lookup_not_cached,Sldner Marine Corpsv
spaceforcecaptains,space force captains,Space Force Captains,pending,unknown,not_attempted,,unmatched_source_alias; demoted_weak_alias_match; reference_lookup_not_cached,Spaceforce Captains
spaceforcerogueuniverse,space force rogue universe,Space Force Rogue Universe,pending,unknown,not_attempted,,unmatched_source_alias; demoted_weak_alias_match; reference_lookup_not_cached,Spaceforce Rogue Universe
splintercelldvd,splinter cell dvd,Splinter Cell DVD,pending,unknown,not_attempted,,unmatched_source_alias; demoted_weak_alias_match; reference_lookup_not_cached,Splinter Cell DVD
spybotsearchanddestroy,spy bot search and destroy,Spy Bot Search & Destroy,pending,unknown,not_attempted,,unmatched_source_alias; demoted_weak_alias_match; reference_lookup_not_cached,Spy Bot Search & Destroy
starwolves,star wolves,Star Wolves,pending,unknown,needs_candidate_refresh,,ambiguous_source_alias; demoted_weak_alias_match; candidate_evidence_missing,Star Wolves
starshiptroopers,starship troopers,Starship Troopers,pending,unknown,needs_candidate_refresh,,ambiguous_source_alias; demoted_weak_alias_match; candidate_evidence_missing,Starship Troopers; Starship Troopers v 3 2
stilllife,still life,Still Life,pending,unknown,needs_candidate_refresh,,ambiguous_source_alias; demoted_weak_alias_match; candidate_evidence_missing,Still Life
stilllife2,still life 2,Still Life 2,pending,unknown,not_attempted,,unmatched_source_alias; demoted_weak_alias_match; reference_lookup_not_cached,Still Life2
stoneage2,stone age 2,Stone Age 2,pending,unknown,needs_candidate_refresh,,ambiguous_source_alias; demoted_weak_alias_match; candidate_evidence_missing,Stone Age 2
stranger,stranger,Stranger,pending,unknown,needs_candidate_refresh,,ambiguous_source_alias; demoted_weak_alias_match; candidate_evidence_missing,Stranger
strongholdcastleattack,stronghold castle attack,Stronghold Castle Attack,pending,unknown,needs_candidate_refresh,,ambiguous_source_alias; demoted_weak_alias_match; candidate_evidence_missing,Stronghold Castle Attack
strongholdlegends,stronghold legends,Stronghold Legends,pending,unknown,not_attempted,,unmatched_source_alias; demoted_weak_alias_match; reference_lookup_not_cached,Stronghold Legendsv
suddenstrike,sudden strike,Sudden Strike,pending,unknown,needs_candidate_refresh,,ambiguous_source_alias; demoted_weak_alias_match; candidate_evidence_missing,Sudden Strike
suddenstrike3armsforvictoryardennenoffensive,sudden strike 3 armsfor victory ardennen offensive,Sudden Strike 3 Armsfor Victory Ardennen Offensive,pending,unknown,not_attempted,,unmatched_source_alias; demoted_weak_alias_match; reference_lookup_not_cached,Sudden Strike3 Armsfor Victory Ardennen Offensive
sudoku,sudoku,Sudoku,pending,unknown,needs_candidate_refresh,,ambiguous_source_alias; demoted_weak_alias_match; candidate_evidence_missing,Sudoku
summerathletics,summer athletics,Summer Athletics,pending,unknown,needs_candidate_refresh,,ambiguous_source_alias; demoted_weak_alias_match; candidate_evidence_missing,Summer Athletics
supertuxkart,super tux kart,Super Tux Kart,pending,unknown,not_attempted,,unmatched_source_alias; demoted_weak_alias_match; reference_lookup_not_cached,Super Tux Kart
supremeruler2020,supreme ruler 2020,Supreme Ruler 2020,pending,unknown,not_attempted,,unmatched_source_alias; demoted_weak_alias_match; reference_lookup_not_cached,Supreme Ruler2020
surfive,surfive,Surfive,pending,unknown,needs_candidate_refresh,,ambiguous_source_alias; demoted_weak_alias_match; candidate_evidence_missing,Surfive
surfsup,surfs up,Surfs Up,pending,unknown,needs_candidate_refresh,,ambiguous_source_alias; demoted_weak_alias_match; candidate_evidence_missing,Surfs Up
suzukialstareextremeracing,suzuki alstare extreme racing,Suzuki Alstare Extreme Racing,pending,unknown,needs_candidate_refresh,,ambiguous_source_alias; demoted_weak_alias_match; candidate_evidence_missing,Suzuki Alstare Extreme Racing
swat4thestetchkovsyndicate,swat 4 the stetchkov syndicate,Swat 4 The Stetchkov Syndicate,pending,unknown,needs_candidate_refresh,,ambiguous_source_alias; demoted_weak_alias_match; candidate_evidence_missing,Swat 4 The Stetchkov Syndicate
sweetsour,sweet sour,Sweet Sour,pending,unknown,needs_candidate_refresh,,ambiguous_source_alias; demoted_weak_alias_match; candidate_evidence_missing,Sweet Sour
swordofthestars,sword of the stars,Sword of the Stars,pending,unknown,not_attempted,,unmatched_source_alias; demoted_weak_alias_match; reference_lookup_not_cached,Swordofthe Stars
takeall,take all,TAKE ALL,pending,unknown,needs_candidate_refresh,,ambiguous_source_alias; demoted_weak_alias_match; candidate_evidence_missing,TAKE ALL
tmntteenagemutantninjaturtles,tmnt teenage mutant ninja turtles,TMNT Teenage Mutant Ninja Turtles,pending,unknown,not_attempted,,unmatched_source_alias; demoted_weak_alias_match; reference_lookup_not_cached,TMNTTeenage Mutant Ninja Turtles
takecommandsecondmanassas,take command second manassas,Take Command Second Manassas,pending,unknown,not_attempted,,unmatched_source_alias; demoted_weak_alias_match; reference_lookup_not_cached,Take Command Second Manassasv
teamfortress,team fortress,Team Fortress,pending,unknown,needs_candidate_refresh,,ambiguous_source_alias; demoted_weak_alias_match; candidate_evidence_missing,Team Fortress
tennispowerball,tennis power ball,Tennis Power Ball,pending,unknown,needs_candidate_refresh,,ambiguous_source_alias; demoted_weak_alias_match; candidate_evidence_missing,Tennis Power Ball; Tennis Powerball
thandordieinvasion,thandor die invasion,Thandor Die Invasion,pending,unknown,needs_candidate_refresh,,ambiguous_source_alias; demoted_weak_alias_match; candidate_evidence_missing,Thandor Die Invasion
thebardstale,the bard s tale,The Bard's Tale,pending,unknown,needs_candidate_refresh,,ambiguous_source_alias; demoted_weak_alias_match; candidate_evidence_missing,The Bard's Tale
theblob,the blob,The Blob,pending,unknown,needs_candidate_refresh,,ambiguous_source_alias; demoted_weak_alias_match; candidate_evidence_missing,The Blob
thechosen,the chosen,The Chosen,pending,unknown,needs_candidate_refresh,,ambiguous_source_alias; demoted_weak_alias_match; candidate_evidence_missing,The Chosen
thechroniclesofspellborn,the chronicles of spellborn,The Chronicles of Spellborn,pending,unknown,not_attempted,,unmatched_source_alias; demoted_weak_alias_match; reference_lookup_not_cached,The Chroniclesof Spellborn
theelderscrolls3morrowindgameoftheyearedition,the elder scrolls 3 morrowind game of the year edition,The Elder Scrolls 3 Morrowind Game of the Year Edition,pending,unknown,not_attempted,,unmatched_source_alias; demoted_weak_alias_match; reference_lookup_not_cached,The Elder Scrolls3 Morrowind Gameofthe Year Edition
theelderscrolls4oblivion,the elder scrolls iv oblivion,The Elder Scrolls IV: Oblivion,pending,unknown,needs_candidate_refresh,,ambiguous_source_alias; demoted_weak_alias_match; candidate_evidence_missing,The Elder Scrolls Oblivion; The Elder Scrolls Oblivionv; The Elder Scrolls 4 Oblivion
theitalianjob,the italian job,The Italian Job,pending,unknown,needs_candidate_refresh,,ambiguous_source_alias; demoted_weak_alias_match; candidate_evidence_missing,The Italian Job
thelegendofzelda,the legend of zelda,The Legend of Zelda,pending,unknown,needs_candidate_refresh,,ambiguous_source_alias; demoted_weak_alias_match; candidate_evidence_missing,The Legend of Zelda
thelongestjourneyspecialedition,the longest journey special edition,The Longest Journey Special Edition,pending,unknown,not_attempted,,unmatched_source_alias; demoted_weak_alias_match; reference_lookup_not_cached,The Longest Journey Special Edition
thesettlersriseofanempire,the settlers rise of an empire,The Settlers Rise of an Empire,pending,unknown,not_attempted,,unmatched_source_alias; demoted_weak_alias_match; reference_lookup_not_cached,The Settlers Riseofan Empire
thewesterner,the westerner,The Westerner,pending,unknown,needs_candidate_refresh,,ambiguous_source_alias; demoted_weak_alias_match; candidate_evidence_missing,The Westerner
thewitcher,the witcher,The Witcher,pending,unknown,needs_candidate_refresh,,ambiguous_source_alias; demoted_weak_alias_match; candidate_evidence_missing,The Witcher; The Witcher v 1 2; The Witcher v 1
tigerwoodspgatour08,tiger woods pga tour 08,Tiger Woods PGA Tour 08,pending,unknown,not_attempted,,unmatched_source_alias; demoted_weak_alias_match; reference_lookup_not_cached,Tiger Woods PGA Tour 08; Tiger Woods PGATour08
timeshift,timeshift,Timeshift,pending,unknown,needs_candidate_refresh,,ambiguous_source_alias; demoted_weak_alias_match; candidate_evidence_missing,Time Shift v 1; Time Shiftv12; Timeshift
titanquest,titan quest,Titan Quest,pending,unknown,needs_candidate_refresh,,ambiguous_source_alias; demoted_weak_alias_match; candidate_evidence_missing,Titan Quest; Titan Questv
torchance2009,torchance 2009,Torchance 2009,pending,unknown,not_attempted,,unmatched_source_alias; demoted_weak_alias_match; reference_lookup_not_cached,Torchance 2009
transformersthegame,transformers the game,Transformers The Game,pending,unknown,not_attempted,,unmatched_source_alias; demoted_weak_alias_match; reference_lookup_not_cached,Transformers The Game
transformersthegamegameplay,transformers the game gameplay,Transformers The Game Gameplay,pending,unknown,not_attempted,,unmatched_source_alias; demoted_weak_alias_match; reference_lookup_not_cached,Transformers The Game Gameplay
transformersthegameintro,transformers the game intro,Transformers The Game Intro,pending,unknown,not_attempted,,unmatched_source_alias; demoted_weak_alias_match; reference_lookup_not_cached,Transformers The Game Intro
trials2secondedition,trials 2 second edition,Trials 2 Second Edition,pending,unknown,not_attempted,,unmatched_source_alias; demoted_weak_alias_match; reference_lookup_not_cached,Trials 2 Second Edition; Trials2 Second Edition
turbostrauss,turbo strauss,Turbo Strauß,pending,unknown,not_attempted,,unmatched_source_alias; demoted_weak_alias_match; reference_lookup_not_cached,Turbo Strauß
uefaeuro,uefa euro,UEFA Euro,pending,unknown,not_attempted,,unmatched_source_alias; demoted_weak_alias_match; reference_lookup_not_cached,UEFAEuro
ulistein3dmahjongg,uli stein 3 d mahjongg,Uli Stein 3 D Mahjongg,pending,unknown,not_attempted,,unmatched_source_alias; demoted_weak_alias_match; reference_lookup_not_cached,Uli Stein 3 D Mahjongg
ultimatemahjongg15,ultimate mahjongg 15,Ultimate Mahjongg 15,pending,unknown,not_attempted,,unmatched_source_alias; demoted_weak_alias_match; reference_lookup_not_cached,Ultimate Mahjongg15
unrealtourn2004,unreal tourn 2004,Unreal Tourn 2004,pending,unknown,not_attempted,,unmatched_source_alias; demoted_weak_alias_match; reference_lookup_not_cached,Unreal Tourn 2004 v
unrealtournament2004,unreal tournament 2004,Unreal Tournament 2004,pending,unknown,not_attempted,,unmatched_source_alias; demoted_weak_alias_match; reference_lookup_not_cached,Unreal Tournament 2004
waldmeistersauseedelweiss,waldmeister sause edelweiss,Waldmeister Sause Edelweiß,pending,unknown,not_attempted,,unmatched_source_alias; demoted_weak_alias_match; reference_lookup_not_cached,Waldmeister Sause Edelweiß
waldmeistersausexxlwinteredition,waldmeister sause xxl winter edition,Waldmeister Sause XXL Winter Edition,pending,unknown,not_attempted,,unmatched_source_alias; demoted_weak_alias_match; reference_lookup_not_cached,Waldmeister Sause XXLWinter Edition
wallederletzterumtdieerdeauf,wall e der letzterumtdie erdeauf,Wall E Der Letzterumtdie Erdeauf,pending,unknown,not_attempted,,unmatched_source_alias; demoted_weak_alias_match; reference_lookup_not_cached,Wall EDer Letzterumtdie Erdeauf
warcraft3reignofchaos,warcraft 3 reignof chaos,Warcraft 3 Reignof Chaos,pending,unknown,not_attempted,,unmatched_source_alias; demoted_weak_alias_match; reference_lookup_not_cached,Warcraft3 Reignof Chaosv121b
warhammeronlineageofreckoning,warhammer online age of reckoning,Warhammer Online Age of Reckoning,pending,unknown,not_attempted,,unmatched_source_alias; demoted_weak_alias_match; reference_lookup_not_cached,Warhammer Online Ageof Reckoning
warhammer40000dawnofwar2,warhammer40000 dawnof war 2,Warhammer40000 Dawnof War 2,pending,unknown,not_attempted,,unmatched_source_alias; demoted_weak_alias_match; reference_lookup_not_cached,Warhammer40000 Dawnof War2
westernerii,westerner ii,Westerner II,pending,unknown,not_attempted,,unmatched_source_alias; demoted_weak_alias_match; reference_lookup_not_cached,Westerner II
wettendassdasdvdspiel,wettendass das dvd spiel,Wettendass Das DVD Spiel,pending,unknown,not_attempted,,unmatched_source_alias; demoted_weak_alias_match; reference_lookup_not_cached,Wettendass Das DVDSpiel
wickieylviistentfuhrt,wickie ylvi ist entfuhrt,Wickie Ylvi ist entführt,pending,unknown,not_attempted,,unmatched_source_alias; demoted_weak_alias_match; reference_lookup_not_cached,Wickie Ylvi ist entführt
winoncdtrial,win on cd trial,Win On CD Trial,pending,unknown,not_attempted,,unmatched_source_alias; demoted_weak_alias_match; reference_lookup_not_cached,Win On CDTrial
winpatrol2007,winpatrol 2007,Winpatrol 2007,pending,unknown,not_attempted,,unmatched_source_alias; demoted_weak_alias_match; reference_lookup_not_cached,Winpatrol2007
winterschlachtindenardennen,winter schlacht in den ardennen,Winter Schlacht in den Ardennen,pending,unknown,not_attempted,,unmatched_source_alias; demoted_weak_alias_match; reference_lookup_not_cached,Winterschlachtinden Ardennen
worldinconflictcollectorsedition,world in conflict collectors edition,World in Conflict Collectors Edition,pending,unknown,not_attempted,,unmatched_source_alias; demoted_weak_alias_match; reference_lookup_not_cached,Worldin Conflict Collectors Editionv1002
worldofqincollectorsedition,worldof qin collectors edition,Worldof Qin Collectors Edition,pending,unknown,not_attempted,,unmatched_source_alias; demoted_weak_alias_match; reference_lookup_not_cached,Worldof Qin Collectors Edition
xmentheofficialgame,x men the official game,X Men The Official Game,pending,unknown,not_attempted,,unmatched_source_alias; demoted_weak_alias_match; reference_lookup_not_cached,XMen The Official Game
xskialpin2005,x ski alpin 2005,X Ski Alpin 2005,pending,unknown,not_attempted,,unmatched_source_alias; demoted_weak_alias_match; reference_lookup_not_cached,XSki Alpin2005
xreunion,x3 reunion,X³: Reunion,pending,unknown,not_attempted,,unmatched_source_alias; demoted_weak_alias_match; reference_lookup_not_cached,XReunion Rolling; XReunionv; XReunion
deepolisonline,deepolis online,deepolis online,pending,unknown,needs_candidate_refresh,,ambiguous_source_alias; demoted_weak_alias_match; candidate_evidence_missing,deepolis online
demospreng,demo spreng,demo spreng,pending,unknown,not_attempted,,unmatched_source_alias; demoted_weak_alias_match; reference_lookup_not_cached,demo spreng
