source_game_id,target_game_id,representative_title,reason
ageofempiresthewarchiefs,ageofempires3thewarchiefs,Age of Empires III: The WarChiefs,title variant omits the series number
assasinscreed,assassinscreed,Assassin's Creed,spelling variant of the same game
baphotmetsfluchderengeldestodes,baphometsfluchderengeldestodes,Baphomets Fluch Der Engeldes Todes,OCR spelling variant of the same game
civilization4beyondthesword,sidmeierscivilization4beyondthesword,Sid Meier's Civilization IV: Beyond the Sword,title variant omits the creator prefix
codenamepanzersph,codenamepanzersphase2,Codename: Panzers – Phase Two,truncated Phase Two title with the same verified Wikidata entity
commandandconquertiberiumwars,commandandconquer3tiberiumwars,Command & Conquer 3: Tiberium Wars,title variant omits the series number
desperadoscoopersrevenge,desperados2coopersrevenge,Desperados 2: Cooper's Revenge,title variant omits the sequel number
diesiedleraufstiegeinesknigreichs,diesiedler6aufstiegeinesknigreichs,Die Siedler 6: Aufstieg eines Königreichs,title variant omits the series number
frontlinesfuelofwarv102,frontlinesfuelofwar,Frontlines: Fuel of War,versioned title of the same game
frontlinesfuelofwarv110,frontlinesfuelofwar,Frontlines: Fuel of War,versioned title of the same game
meinetierkliniklwenbaby,meinetierkliniklowenbaby,Meine Tierklinik Löwenbaby,OCR-dropped vowel variant
sidmeierscivilizationbeyondthesword,sidmeierscivilization4beyondthesword,Sid Meier's Civilization IV: Beyond the Sword,title variant omits the series number
silenthunterwolvesofthepacific,silenthunter4wolvesofthepacific,Silent Hunter 4: Wolves of the Pacific,title variant omits the sequel number
theelderscrollsoblivion,theelderscrolls4oblivion,The Elder Scrolls IV: Oblivion,title variant omits the series number
xreunionrolling,xreunion,X³: Reunion,official rolling demo of the same game
zooempirecbsversion,zooempire,Zoo Empire,CBS-branded edition of the same game
