normalized_title,representative_title,canonical_title,canonical_slug,match_status,match_confidence,match_method,match_source,match_source_url,match_fetched_at,wikipedia_url,wikidata_id,wikidata_url,failure_reason,candidate_1_title,candidate_1_url,candidate_2_title,candidate_2_url,candidate_3_title,candidate_3_url
007 ein quantum trost,007 Ein Quantum Trost,,,ambiguous,,wikipedia-search,,,2026-03-25T07:21:02+00:00,,,,multiple plausible Wikipedia search results,James Bond 007: Ein Quantum Trost,https://de.wikipedia.org/wiki/James_Bond_007%3A_Ein_Quantum_Trost,,,,
18 wheels of steel haulin,18 Wheels of Steel Haulin,,,ambiguous,,wikipedia-search,,,2026-03-25T07:21:05+00:00,,,,multiple plausible Wikipedia search results,18 Wheels of Steel,https://en.wikipedia.org/wiki/18_Wheels_of_Steel,,,,
a vampyre story,A Vampyre Story,,,ambiguous,,wikidata-search,,,2026-03-25T07:21:38+00:00,,,,multiple plausible Wikimedia entities,Q108371670,https://www.wikidata.org/wiki/Q108371670,A Vampyre Story,https://en.wikipedia.org/wiki/A_Vampyre_Story,Q135064164,https://www.wikidata.org/wiki/Q135064164
ablaze,Ablaze,,,ambiguous,,wikidata-search,,,2026-03-25T07:21:48+00:00,,,,multiple plausible Wikimedia entities,Q124362090,https://www.wikidata.org/wiki/Q124362090,Q74896515,https://www.wikidata.org/wiki/Q74896515,Cypronia,https://de.wikipedia.org/wiki/Cypronia
actua soccer 2,Actua Soccer 2,,,ambiguous,,wikidata-search,,,2026-03-25T07:22:11+00:00,,,,multiple plausible Wikimedia entities,Q122380164,https://www.wikidata.org/wiki/Q122380164,Actua Soccer 2,https://en.wikipedia.org/wiki/Actua_Soccer_2,,
age of conan,Age of Conan,,,ambiguous,,wikidata-search,,,2026-03-25T07:22:53+00:00,,,,multiple plausible Wikimedia entities,Q108370508,https://www.wikidata.org/wiki/Q108370508,Age of Conan,https://en.wikipedia.org/wiki/Age_of_Conan,Age of Conan: Rise of the Godslayer,https://en.wikipedia.org/wiki/Age_of_Conan%3A_Rise_of_the_Godslayer
age of empires 3 the warchiefs,Age of Empires 3 The Warchiefs,,,ambiguous,,wikipedia-search,,,2026-03-25T07:23:15+00:00,,,,multiple plausible Wikipedia search results,Age of Empires,https://en.wikipedia.org/wiki/Age_of_Empires,Age of Empires III: The WarChiefs,https://en.wikipedia.org/wiki/Age_of_Empires_III%3A_The_WarChiefs,,
age of mythology,Age of Mythology,,,ambiguous,,wikidata-search,,,2026-03-25T07:23:16+00:00,,,,multiple plausible Wikimedia entities,Q108370509,https://www.wikidata.org/wiki/Q108370509,Age of Mythology,https://en.wikipedia.org/wiki/Age_of_Mythology,Q126522778,https://www.wikidata.org/wiki/Q126522778
agon the lost sword of toledo,Agon The Lost Sword of Toledo,,,ambiguous,,wikipedia-search,,,2026-03-25T07:23:54+00:00,,,,multiple plausible Wikipedia search results,AGON,https://en.wikipedia.org/wiki/AGON,,,,
air conflicts,Air Conflicts,,,ambiguous,,wikidata-search,,,2026-03-25T07:23:59+00:00,,,,multiple plausible Wikimedia entities,Air Conflicts,https://en.wikipedia.org/wiki/Air_Conflicts,Air Conflicts,https://fr.wikipedia.org/wiki/Air_Conflicts,Q127414403,https://www.wikidata.org/wiki/Q127414403
alan wake,Alan Wake,,,ambiguous,,wikidata-search,,,2026-03-25T07:24:25+00:00,,,,multiple plausible Wikimedia entities,Alan Wake,https://en.wikipedia.org/wiki/Alan_Wake,Alan Wake (серия игр),https://ru.wikipedia.org/wiki/Alan_Wake_%28%D1%81%D0%B5%D1%80%D0%B8%D1%8F_%D0%B8%D0%B3%D1%80%29,Alan Wake's American Nightmare,https://en.wikipedia.org/wiki/Alan_Wake%27s_American_Nightmare
alexander,Alexander,,,ambiguous,,wikidata-search,,,2026-03-25T07:24:37+00:00,,,,multiple plausible Wikimedia entities,Q110476362,https://www.wikidata.org/wiki/Q110476362,Q23852288,https://www.wikidata.org/wiki/Q23852288,Alexander,https://en.wikipedia.org/wiki/Alexander
alien arena,Alien Arena,,,ambiguous,,wikidata-search,,,2026-03-25T07:24:52+00:00,,,,multiple plausible Wikimedia entities,Alien Arena,https://en.wikipedia.org/wiki/Alien_Arena,Alien Arena,https://ru.wikipedia.org/wiki/Alien_Arena,Q104837525,https://www.wikidata.org/wiki/Q104837525
alien shooter,Alien Shooter,,,ambiguous,,wikidata-search,,,2026-03-25T07:25:06+00:00,,,,multiple plausible Wikimedia entities,Q108370524,https://www.wikidata.org/wiki/Q108370524,Alien Shooter,https://en.wikipedia.org/wiki/Alien_Shooter,Q122376667,https://www.wikidata.org/wiki/Q122376667
alien shooter 2,Alien Shooter 2,,,ambiguous,,wikidata-search,,,2026-03-25T07:25:08+00:00,,,,multiple plausible Wikimedia entities,Q122365564,https://www.wikidata.org/wiki/Q122365564,Q122367735,https://www.wikidata.org/wiki/Q122367735,Q124062898,https://www.wikidata.org/wiki/Q124062898
aliens pinball,Aliens Pinball,,,ambiguous,,wikipedia-search,,,2026-03-25T07:25:16+00:00,,,,multiple plausible Wikipedia search results,Pinball,https://en.wikipedia.org/wiki/Pinball,,,,
america,America,,,ambiguous,,wikidata-search,,,2026-03-25T07:25:52+00:00,,,,multiple plausible Wikimedia entities,America (band),https://en.wikipedia.org/wiki/America_%28band%29,America (beetle),https://en.wikipedia.org/wiki/America_%28beetle%29,United States,https://en.wikipedia.org/wiki/United_States
american conquest fight back,American Conquest Fight Back,,,ambiguous,,wikipedia-search,,,2026-03-25T07:25:54+00:00,,,,multiple plausible Wikipedia search results,American Conquest,https://en.wikipedia.org/wiki/American_Conquest,,,,
anno,Anno,,,pending,,wikimedia-cache,,,,,,,reference_lookup_not_cached,,,,,,
anno 1701 der fluch des drachen,Anno 1701 Der Fluch des Drachen,,,pending,,wikimedia-cache,,,,,,,reference_lookup_not_cached,,,,,,
anstoss,Anstoss,,,ambiguous,,wikipedia-search,,,2026-03-25T07:27:10+00:00,,,,multiple plausible Wikipedia search results,Anstoss,https://de.wikipedia.org/wiki/Anstoss,,,,
anstoss edition,Anstoss Edition,,,pending,,wikimedia-cache,,,,,,,reference_lookup_not_cached,,,,,,
arena wars,Arena Wars,,,ambiguous,,wikidata-search,,,2026-03-25T07:27:53+00:00,,,,multiple plausible Wikimedia entities,Q108370551,https://www.wikidata.org/wiki/Q108370551,Arena Wars,https://en.wikipedia.org/wiki/Arena_Wars,Q124063131,https://www.wikidata.org/wiki/Q124063131
arena wars reloaded,Arena Wars Reloaded,,,ambiguous,,wikipedia-search,,,2026-03-25T07:27:57+00:00,,,,multiple plausible Wikipedia search results,Arena Wars,https://en.wikipedia.org/wiki/Arena_Wars,,,,
armed assault,Armed Assault,,,ambiguous,,wikidata-search,,,2026-03-25T07:28:13+00:00,,,,multiple plausible Wikimedia entities,Arma 2,https://en.wikipedia.org/wiki/Arma_2,Arma: Armed Assault,https://en.wikipedia.org/wiki/Arma%3A_Armed_Assault,,
armored core,Armored Core,,,ambiguous,,wikidata-search,,,2026-03-25T07:28:35+00:00,,,,multiple plausible Wikimedia entities,Armored Core,https://en.wikipedia.org/wiki/Armored_Core,Armored Core (video game),https://en.wikipedia.org/wiki/Armored_Core_%28video_game%29,Armored Core 4,https://en.wikipedia.org/wiki/Armored_Core_4
armyof two,Armyof Two,,,ambiguous,,wikipedia-search,,,2026-03-25T07:28:47+00:00,,,,multiple plausible Wikipedia search results,Army of Two,https://en.wikipedia.org/wiki/Army_of_Two,,,,
assassins creed,Assassins Creed,,,ambiguous,,wikidata-search,,,2026-03-25T07:29:09+00:00,,,,multiple plausible Wikimedia entities,Assassin's Creed III,https://en.wikipedia.org/wiki/Assassin%27s_Creed_III,Assassin's Creed IV: Black Flag,https://en.wikipedia.org/wiki/Assassin%27s_Creed_IV%3A_Black_Flag,Assassin's Creed,https://en.wikipedia.org/wiki/Assassin%27s_Creed
assault heroes,Assault Heroes,,,ambiguous,,wikidata-search,,,2026-03-25T07:29:14+00:00,,,,multiple plausible Wikimedia entities,Q108370555,https://www.wikidata.org/wiki/Q108370555,Assault Heroes,https://en.wikipedia.org/wiki/Assault_Heroes,Assault Heroes 2,https://en.wikipedia.org/wiki/Assault_Heroes_2
asterix obelix xxl 2,Asterix Obelix XXL 2,,,ambiguous,,wikipedia-search,,,2026-03-25T07:29:18+00:00,,,,multiple plausible Wikipedia search results,Asterix,https://de.wikipedia.org/wiki/Asterix,,,,
atlantis evolution,Atlantis Evolution,,,ambiguous,,wikidata-search,,,2026-03-25T07:29:28+00:00,,,,multiple plausible Wikimedia entities,Atlantis Evolution,https://en.wikipedia.org/wiki/Atlantis_Evolution,Atlantis: The Lost Tales,https://en.wikipedia.org/wiki/Atlantis%3A_The_Lost_Tales,Q105857433,https://www.wikidata.org/wiki/Q105857433
augustus,Augustus,,,unmatched,,wikimedia,,,2026-03-25T07:29:51+00:00,,,,reference_lookup_rate_limited,,,,,,
cold blood,Cold Blood,,,pending,,wikimedia-cache,,,,,,,reference_lookup_not_cached,,,,,,
cold war crisis 1,Cold War Crisis 1,,,pending,,wikimedia-cache,,,,,,,reference_lookup_not_cached,,,,,,
combat flight simulator,Combat Flight Simulator,,,pending,,wikimedia-cache,,,,,,,reference_lookup_not_cached,,,,,,
command and conquer tiberium wars,Command & Conquer Tiberium Wars,,,pending,,wikimedia-cache,,,,,,,reference_lookup_not_cached,,,,,,
command and conquer,Command and Conquer,,,pending,,wikimedia-cache,,,,,,,reference_lookup_not_cached,,,,,,
cossacks 2 napoleonic wars,Cossacks 2 Napoleonic Wars,,,pending,,wikimedia-cache,,,,,,,reference_lookup_not_cached,,,,,,
cossacks back to war,Cossacks Back to War,,,pending,,wikimedia-cache,,,,,,,reference_lookup_not_cached,,,,,,
crazy frog racer feat the annoying thing,Crazy Frog Racer Feat The Annoying Thing,,,pending,,wikimedia-cache,,,,,,,reference_lookup_not_cached,,,,,,
crazy machines,Crazy Machines,,,pending,,wikimedia-cache,,,,,,,reference_lookup_not_cached,,,,,,
crysis,Crysis,,,pending,,wikimedia-cache,,,,,,,reference_lookup_not_cached,,,,,,
dark age of camelot,Dark Age of Camelot,,,pending,,wikimedia-cache,,,,,,,reference_lookup_not_cached,,,,,,
dark age of camelot shrouded isles,Dark Age of Camelot + Shrouded Isles,,,pending,,wikimedia-cache,,,,,,,reference_lookup_not_cached,,,,,,
das schwarze auge drakensang,Das Schwarze Auge - Drakensang,,,pending,,wikimedia-cache,,,,,,,reference_lookup_not_cached,,,,,,
das haessliche entlein,Das haessliche Entlein,,,pending,,wikimedia-cache,,,,,,,reference_lookup_not_cached,,,,,,
deine reitschule,Deine Reitschule,,,pending,,wikimedia-cache,,,,,,,reference_lookup_not_cached,,,,,,
der bauernhof,Der Bauernhof,,,pending,,wikimedia-cache,,,,,,,reference_lookup_not_cached,,,,,,
der bunker,Der Bunker,,,pending,,wikimedia-cache,,,,,,,reference_lookup_not_cached,,,,,,
enigma,Enigma,,,pending,,wikimedia-cache,,,,,,,reference_lookup_not_cached,,,,,,
enigma rising tide,Enigma Rising Tide,,,pending,,wikimedia-cache,,,,,,,reference_lookup_not_cached,,,,,,
eternal silence 3,Eternal Silence 3,,,pending,,wikimedia-cache,,,,,,,reference_lookup_not_cached,,,,,,
europa universalis,Europa Universalis,,,pending,,wikimedia-cache,,,,,,,reference_lookup_not_cached,,,,,,
eve online revelations,Eve Online Revelations,,,pending,,wikimedia-cache,,,,,,,reference_lookup_not_cached,,,,,,
everquest 2,Everquest 2,,,pending,,wikimedia-cache,,,,,,,reference_lookup_not_cached,,,,,,
everquest 2 b,Everquest 2 B,,,pending,,wikimedia-cache,,,,,,,reference_lookup_not_cached,,,,,,
everquest echoes of faydwer,Everquest Echoes Of Faydwer,,,pending,,wikimedia-cache,,,,,,,reference_lookup_not_cached,,,,,,
evil genius,Evil Genius,,,pending,,wikimedia-cache,,,,,,,reference_lookup_not_cached,,,,,,
faces of war,Faces of War,,,pending,,wikimedia-cache,,,,,,,reference_lookup_not_cached,,,,,,
fahrenheit,Fahrenheit,,,pending,,wikimedia-cache,,,,,,,reference_lookup_not_cached,,,,,,
fantastic movie,Fantastic Movie,,,pending,,wikimedia-cache,,,,,,,reference_lookup_not_cached,,,,,,
far cry instincts predator technologie,Far Cry Instincts Predator Technologie,,,pending,,wikimedia-cache,,,,,,,reference_lookup_not_cached,,,,,,
fire department,Fire Department,,,pending,,wikimedia-cache,,,,,,,reference_lookup_not_cached,,,,,,
flat out,Flat Out,,,pending,,wikimedia-cache,,,,,,,reference_lookup_not_cached,,,,,,
forsaken,Forsaken,,,pending,,wikimedia-cache,,,,,,,reference_lookup_not_cached,,,,,,
free civ,Free Civ,,,pending,,wikimedia-cache,,,,,,,reference_lookup_not_cached,,,,,,
free commander,Free Commander,,,pending,,wikimedia-cache,,,,,,,reference_lookup_not_cached,,,,,,
freedom force,Freedom Force,,,pending,,wikimedia-cache,,,,,,,reference_lookup_not_cached,,,,,,
french street racing,French Street Racing,,,pending,,wikimedia-cache,,,,,,,reference_lookup_not_cached,,,,,,
fritz,Fritz,,,pending,,wikimedia-cache,,,,,,,reference_lookup_not_cached,,,,,,
full auto,Full Auto,,,pending,,wikimedia-cache,,,,,,,reference_lookup_not_cached,,,,,,
full auto battlelines,Full Auto Battlelines,,,pending,,wikimedia-cache,,,,,,,reference_lookup_not_cached,,,,,,
full spectrum warrior,Full Spectrum Warrior,,,pending,,wikimedia-cache,,,,,,,reference_lookup_not_cached,,,,,,
fussball manager 08,Fußball Manager 08,,,pending,,wikimedia-cache,,,,,,,reference_lookup_not_cached,,,,,,
fussball manager 09,Fußball Manager 09,,,pending,,wikimedia-cache,,,,,,,reference_lookup_not_cached,,,,,,
gentleman,Gentleman,,,pending,,wikimedia-cache,,,,,,,reference_lookup_not_cached,,,,,,
ging gong boxen,Ging Gong Boxen,,,pending,,wikimedia-cache,,,,,,,reference_lookup_not_cached,,,,,,
godzilla final wars,Godzilla Final Wars,,,pending,,wikimedia-cache,,,,,,,reference_lookup_not_cached,,,,,,
haunted house,Haunted House,,,pending,,wikimedia-cache,,,,,,,reference_lookup_not_cached,,,,,,
highway pursuit,Highway Pursuit,,,pending,,wikimedia-cache,,,,,,,reference_lookup_not_cached,,,,,,
himmel und huhn,Himmel und Huhn,,,pending,,wikimedia-cache,,,,,,,reference_lookup_not_cached,,,,,,
hurrican,Hurrican,,,pending,,wikimedia-cache,,,,,,,reference_lookup_not_cached,,,,,,
ice breaker,Ice Breaker,,,pending,,wikimedia-cache,,,,,,,reference_lookup_not_cached,,,,,,
icewind dale,Icewind Dale,,,pending,,wikimedia-cache,,,,,,,reference_lookup_not_cached,,,,,,
icewind dale herz des winters,Icewind Dale - Herz des Winters,,,pending,,wikimedia-cache,,,,,,,reference_lookup_not_cached,,,,,,
imperium romanum,Imperium Romanum,,,pending,,wikimedia-cache,,,,,,,reference_lookup_not_cached,,,,,,
in 80 tagen um die welt,In 80 Tagen um die Welt,,,pending,,wikimedia-cache,,,,,,,reference_lookup_not_cached,,,,,,
indeo 5,Indeo 5,,,pending,,wikimedia-cache,,,,,,,reference_lookup_not_cached,,,,,,
iron man,Iron Man,,,pending,,wikimedia-cache,,,,,,,reference_lookup_not_cached,,,,,,
isabell werth reitsport,Isabell Werth Reitsport,,,pending,,wikimedia-cache,,,,,,,reference_lookup_not_cached,,,,,,
jack keane,Jack Keane,,,pending,,wikimedia-cache,,,,,,,reference_lookup_not_cached,,,,,,
jagdfieber,Jagdfieber,,,pending,,wikimedia-cache,,,,,,,reference_lookup_not_cached,,,,,,
jagged alliance wildfire,Jagged Alliance Wildfire,,,pending,,wikimedia-cache,,,,,,,reference_lookup_not_cached,,,,,,
john woos stranglehold,John Woos Stranglehold,,,pending,,wikimedia-cache,,,,,,,reference_lookup_not_cached,,,,,,
juiced,Juiced,,,pending,,wikimedia-cache,,,,,,,reference_lookup_not_cached,,,,,,
jumping jack,Jumping Jack,,,pending,,wikimedia-cache,,,,,,,reference_lookup_not_cached,,,,,,
just cause,Just Cause,,,pending,,wikimedia-cache,,,,,,,reference_lookup_not_cached,,,,,,
k racer,K Racer,,,pending,,wikimedia-cache,,,,,,,reference_lookup_not_cached,,,,,,
kee pass,Kee Pass,,,pending,,wikimedia-cache,,,,,,,reference_lookup_not_cached,,,,,,
king of the road,King of the Road,,,pending,,wikimedia-cache,,,,,,,reference_lookup_not_cached,,,,,,
knight,Knight,,,pending,,wikimedia-cache,,,,,,,reference_lookup_not_cached,,,,,,
knight rider the game,Knight Rider The Game,,,pending,,wikimedia-cache,,,,,,,reference_lookup_not_cached,,,,,,
know how,Know How,,,pending,,wikimedia-cache,,,,,,,reference_lookup_not_cached,,,,,,
konige der wellen,Könige der Wellen,,,pending,,wikimedia-cache,,,,,,,reference_lookup_not_cached,,,,,,
star wolves,Star Wolves,,,pending,,wikimedia-cache,,,,,,,reference_lookup_not_cached,,,,,,
starship troopers,Starship Troopers,,,pending,,wikimedia-cache,,,,,,,reference_lookup_not_cached,,,,,,
starsky and hutch,Starsky & Hutch,,,pending,,wikimedia-cache,,,,,,,reference_lookup_not_cached,,,,,,
still life,Still Life,,,pending,,wikimedia-cache,,,,,,,reference_lookup_not_cached,,,,,,
still life special edition,Still Life Special Edition,,,pending,,wikimedia-cache,,,,,,,reference_lookup_not_cached,,,,,,
stone age 2,Stone Age 2,,,pending,,wikimedia-cache,,,,,,,reference_lookup_not_cached,,,,,,
stranger,Stranger,,,pending,,wikimedia-cache,,,,,,,reference_lookup_not_cached,,,,,,
stronghold castle attack,Stronghold Castle Attack,,,pending,,wikimedia-cache,,,,,,,reference_lookup_not_cached,,,,,,
sudden strike,Sudden Strike,,,pending,,wikimedia-cache,,,,,,,reference_lookup_not_cached,,,,,,
sudoku,Sudoku,,,pending,,wikimedia-cache,,,,,,,reference_lookup_not_cached,,,,,,
summer athletics,Summer Athletics,,,pending,,wikimedia-cache,,,,,,,reference_lookup_not_cached,,,,,,
sunrise the game,Sunrise The Game,,,pending,,wikimedia-cache,,,,,,,reference_lookup_not_cached,,,,,,
surfive,Surfive,,,pending,,wikimedia-cache,,,,,,,reference_lookup_not_cached,,,,,,
surfs up,Surfs Up,,,pending,,wikimedia-cache,,,,,,,reference_lookup_not_cached,,,,,,
suzuki alstare extreme racing,Suzuki Alstare Extreme Racing,,,pending,,wikimedia-cache,,,,,,,reference_lookup_not_cached,,,,,,
swat 4 the stetchkov syndicate,Swat 4 The Stetchkov Syndicate,,,pending,,wikimedia-cache,,,,,,,reference_lookup_not_cached,,,,,,
sweet sour,Sweet Sour,,,pending,,wikimedia-cache,,,,,,,reference_lookup_not_cached,,,,,,
take all,TAKE ALL,,,pending,,wikimedia-cache,,,,,,,reference_lookup_not_cached,,,,,,
team a,TEAM A,,,pending,,wikimedia-cache,,,,,,,reference_lookup_not_cached,,,,,,
team b,TEAM B,,,pending,,wikimedia-cache,,,,,,,reference_lookup_not_cached,,,,,,
tabellen,Tabellen,,,pending,,wikimedia-cache,,,,,,,reference_lookup_not_cached,,,,,,
team fortress,Team Fortress,,,pending,,wikimedia-cache,,,,,,,reference_lookup_not_cached,,,,,,
tennis power ball,Tennis Power Ball,,,pending,,wikimedia-cache,,,,,,,reference_lookup_not_cached,,,,,,
thandor die invasion,Thandor Die Invasion,,,pending,,wikimedia-cache,,,,,,,reference_lookup_not_cached,,,,,,
the bard s tale,The Bard's Tale,,,pending,,wikimedia-cache,,,,,,,reference_lookup_not_cached,,,,,,
the blob,The Blob,,,pending,,wikimedia-cache,,,,,,,reference_lookup_not_cached,,,,,,
the chosen,The Chosen,,,pending,,wikimedia-cache,,,,,,,reference_lookup_not_cached,,,,,,
the elder scrolls 4 oblivion,The Elder Scrolls 4 Oblivion,,,pending,,wikimedia-cache,,,,,,,reference_lookup_not_cached,,,,,,
the elder scrolls oblivion,The Elder Scrolls Oblivion,,,pending,,wikimedia-cache,,,,,,,reference_lookup_not_cached,,,,,,
the italian job,The Italian Job,,,pending,,wikimedia-cache,,,,,,,reference_lookup_not_cached,,,,,,
the legend of zelda,The Legend of Zelda,,,pending,,wikimedia-cache,,,,,,,reference_lookup_not_cached,,,,,,
the westerner,The Westerner,,,pending,,wikimedia-cache,,,,,,,reference_lookup_not_cached,,,,,,
the witcher,The Witcher,,,pending,,wikimedia-cache,,,,,,,reference_lookup_not_cached,,,,,,
tiger woods pga tour 2005,Tiger Woods PGA Tour 2005,,,pending,,wikimedia-cache,,,,,,,reference_lookup_not_cached,,,,,,
timeshift,Timeshift,,,pending,,wikimedia-cache,,,,,,,reference_lookup_not_cached,,,,,,
titan quest,Titan Quest,,,pending,,wikimedia-cache,,,,,,,reference_lookup_not_cached,,,,,,
titan quest sprach,Titan Quest Sprach,,,pending,,wikimedia-cache,,,,,,,reference_lookup_not_cached,,,,,,
deepolis online,deepolis online,,,pending,,wikimedia-cache,,,,,,,reference_lookup_not_cached,,,,,,
